gene_id,gene_short_name,cell_group,marker_score,mean_expression,fraction_expressing,specificity,pseudo_R2,marker_test_p_value,marker_test_q_value,partition_assignment
ENSG00000162511,LAPTM5,1,0.25249329652380825,7.81374577969684,0.9530516431924883,0.2649313899486264,0.2707844737893044,4.758241576562606e-63,1.7477068893130217e-57,B1
ENSG00000265972,TXNIP,1,0.23986801279351583,10.089063669073216,0.8779342723004695,0.2732186455883362,0.17291543285995473,7.01647000663419e-41,2.577156449906745e-35,B1
ENSG00000163534,FCRL1,1,0.2498245920195959,0.4034670907380437,0.25821596244131456,0.9675025109122531,0.17768378711381974,5.828381026692448e-42,2.1407701794851628e-36,B1
ENSG00000122224,LY9,1,0.260304566903536,0.8469228048018809,0.4413145539906103,0.5898390718133316,0.19723968588620727,2.1614010409083707e-46,7.938847637266855e-41,B1
ENSG00000117523,PRRC2C,1,0.2031653896895321,3.2627940299834384,0.9014084507042254,0.22538660418682466,0.1676762649927457,1.0801645394820099e-39,3.967455155162817e-34,B1
ENSG00000116191,RALGPS2,1,0.3725844087799688,1.2208833581597196,0.5915492957746479,0.6298450719851854,0.3579096788515307,8.788053420313632e-83,3.2278608093346176e-77,B1
ENSG00000198625,MDM4,1,0.2764732835605165,3.8038674005245796,0.8873239436619719,0.31158100210788364,0.2985084516875015,2.5042332085004966e-69,9.198073617154408e-64,B1
ENSG00000119866,BCL11A,1,0.2209592003802069,0.9946436571867557,0.5211267605633803,0.4240027899187754,0.180896497463377,1.0903215786486864e-42,4.004762061592412e-37,B1
ENSG00000144218,AFF3,1,0.21885800410759482,0.5382769874764897,0.3145539906103286,0.6957724608196671,0.16851740791735237,6.963869274691428e-40,2.557836148463436e-34,B1
ENSG00000153094,BCL2L11,1,0.20571568757629616,1.104214779989471,0.5023474178403756,0.4095087986331877,0.17820517232656818,4.440180258937817e-42,1.6308826492881192e-36,B1
ENSG00000114861,FOXP1,1,0.2791892727013294,2.8882331846346196,0.7699530516431925,0.3626055797889217,0.24457263557535236,4.1086324085074105e-57,1.5091047922771805e-51,B1
ENSG00000153064,BANK1,1,0.4354125468101956,1.6979889697913384,0.6854460093896714,0.635225153908025,0.446973233182484,5.769902604386005e-103,2.119290996493584e-97,B1
ENSG00000019582,CD74,1,0.32689961800675765,15.698558251532226,0.971830985915493,0.3363749692533303,0.38515108356412026,5.916865522426604e-89,2.173270623252814e-83,B1
ENSG00000164330,EBF1,1,0.23633760135993287,0.3316763052923206,0.2535211267605634,0.932220538697513,0.16889178894259926,5.7279698923053495e-40,2.103889069413647e-34,B1
ENSG00000112149,CD83,1,0.4053431440983354,3.1428972535383752,0.8169014084507042,0.4961959177755485,0.4265734579096965,2.4276369465484182e-98,8.916734781041805e-93,B1
ENSG00000204287,HLA-DRA,1,0.27854220723971085,9.74869433973823,0.9107981220657277,0.3058221141343217,0.2923894411150442,6.088371639572995e-68,2.2362649915868005e-62,B1
ENSG00000196126,HLA-DRB1,1,0.2531543047171676,4.755753435002003,0.8685446009389671,0.2914695508365227,0.21449806425626322,2.662457543581537e-50,9.779233182150421e-45,B1
ENSG00000196735,HLA-DQA1,1,0.2426419700727985,1.4752635673875707,0.6291079812206573,0.3856920867575081,0.20160692169770136,2.2150752315197594e-47,8.135993476124391e-42,B1
ENSG00000179344,HLA-DQB1,1,0.4615938696627251,5.603690703836988,0.92018779342723,0.5016300726436758,0.5002507906182505,4.795535176742054e-115,1.761404865952533e-109,B1
ENSG00000242574,HLA-DMB,1,0.3530774776566431,1.497995080827627,0.6150234741784038,0.5740878071821754,0.3189820449779959,5.7763670349094704e-74,2.1216653882892834e-68,B1
ENSG00000231389,HLA-DPA1,1,0.2222250023171043,3.705108288119073,0.8356807511737089,0.26592092973900683,0.19086837999589948,6.000219435911101e-45,2.2038865990295832e-39,B1
ENSG00000223865,HLA-DPB1,1,0.34367815077859387,6.511194011772136,0.8826291079812206,0.38938003253106646,0.3478453865375886,1.6741475954913562e-80,6.149160859715706e-75,B1
ENSG00000130340,SNX9,1,0.33368066253829554,1.6178443829852263,0.7136150234741784,0.46759198105695365,0.34623345106081527,3.88096269747105e-80,1.4254814797438141e-74,B1
ENSG00000092820,EZR,1,0.3687705310685552,3.557464715262007,0.8826291079812206,0.4178091655191609,0.3736405760227407,2.3990535679423793e-86,8.811747745588038e-81,B1
ENSG00000157514,TSC22D3,1,0.2766719306153432,6.933783391138114,0.9061032863849765,0.3053425970003528,0.26836960188257625,1.676269517988663e-62,6.156954702267539e-57,B1
ENSG00000136573,BLK,1,0.32694105348609676,0.6156357496665968,0.4131455399061033,0.7913459590061205,0.27291737433732677,1.5646129375887702e-63,5.7468389658929285e-58,B1
ENSG00000196092,PAX5,1,0.23586261074543088,0.44194518236838476,0.27230046948356806,0.86618510497891,0.17913315132884775,2.7360275458232966e-42,1.0049456536084426e-36,B1
ENSG00000135048,CEMIP2,1,0.20939189766082777,1.515882982943096,0.5821596244131455,0.35968124356255093,0.1655566703917202,3.265096175249458e-39,1.199273090265301e-33,B1
ENSG00000196781,TLE1,1,0.4492574332396712,1.4684529032193259,0.647887323943662,0.6934190817394925,0.40374639793195144,3.6181567839351077e-93,1.328952604896149e-87,B1
ENSG00000156738,MS4A1,1,0.7134853391382493,3.1315880912432013,0.7981220657276995,0.8939551602143948,0.6330061188193848,3.562816439392796e-145,1.3086260410054134e-139,B1
ENSG00000137502,RAB30,1,0.23670637677002415,0.561107310655085,0.352112676056338,0.6722461100268686,0.1904224818564371,7.571647174715104e-45,2.7810735789200322e-39,B1
ENSG00000165732,DDX21,1,0.2717095770263223,2.6733208248599807,0.7981220657276995,0.3404361170976862,0.21480247691572163,2.2715939121096066e-50,8.343587155117707e-45,B1
ENSG00000161835,GRASP,1,0.2763682465402817,1.8677705908468683,0.6666666666666666,0.41455236981042254,0.27105416323952286,4.1339930669630326e-63,1.518419787488589e-57,B1
ENSG00000133639,BTG1,1,0.2884153420991558,17.12193651592294,0.9671361502347418,0.2982158634326223,0.31029571374472337,5.358491099118587e-72,1.9681791391973562e-66,B1
ENSG00000211899,IGHM,1,0.7048951323665208,11.720616451836811,0.8356807511737089,0.843498107831848,0.6287188995669668,3.353102803831179e-144,1.2315980129499959e-138,B1
ENSG00000247982,LINC00926,1,0.48699143423156116,1.338131368035786,0.6056338028169014,0.8041021355916476,0.4238807848234561,9.89631612762243e-98,3.634926809991846e-92,B1
ENSG00000140968,IRF8,1,0.46540720644376454,1.7802411260558195,0.6572769953051644,0.7080838212322988,0.3882060015384577,1.2019909428851909e-89,4.414924753126735e-84,B1
ENSG00000083454,P2RX5,1,0.23032793193452422,0.6119452685722463,0.38967136150234744,0.5910825241211284,0.20202347134191348,1.782486573572736e-47,6.547091009598395e-42,B1
ENSG00000101596,SMCHD1,1,0.24872604960920322,2.613780934505257,0.8450704225352113,0.29432582537089047,0.2734667361436085,1.1748771321612898e-63,4.315335455199739e-58,B1
ENSG00000101654,RNMT,1,0.2057630357844225,2.1384611087413727,0.784037558685446,0.2624402791741437,0.1774778854905846,6.489423140800461e-42,2.38357160903915e-36,B1
ENSG00000132819,RBM38,1,0.24301027570554934,2.9545294957586044,0.8215962441314554,0.2957782212873258,0.22916150995455445,1.2706939467230207e-53,4.6672715732531224e-48,B1
ENSG00000104921,FCER2,1,0.25050146082161734,0.5061205740952958,0.3474178403755869,0.7210379885811418,0.22246549812578956,4.174832981558044e-52,1.5334203289592512e-46,B1
ENSG00000167483,FAM129C,1,0.327867590530241,0.6163713482637215,0.3615023474178404,0.9069583997784589,0.2566930532474974,7.391644467650307e-60,2.7149584046124253e-54,B1
ENSG00000012124,CD22,1,0.3618248730309318,0.7288527208079651,0.4225352112676056,0.8563188661732053,0.28872262711813507,4.1204784335519755e-67,1.5134558491220741e-61,B1
ENSG00000167604,NFKBID,1,0.2877584460098197,1.1971479634709077,0.5821596244131455,0.49429475000073875,0.30336796345546535,1.9864711836348384e-70,7.296328522202598e-65,B1
ENSG00000105369,CD79A,1,0.615683344327493,4.443618642393772,0.8779342723004695,0.701286376159123,0.6974257884439992,8.243136313056061e-160,3.027712210921804e-154,B1
ENSG00000105373,NOP53,1,0.20833314909815112,3.3627556945860357,0.8873239436619719,0.2347881521582338,0.17696314412137526,8.488858762952817e-42,3.117966312491333e-36,B1
ENSG00000104894,CD37,1,0.3358154628768637,5.939116111716151,0.92018779342723,0.3649423142488366,0.35853194262934296,6.3522070077261506e-83,2.333171986144823e-77,B1
ENSG00000159958,TNFRSF13C,1,0.6763028024460074,2.342056665407319,0.7934272300469484,0.8523816385857963,0.6160816991473028,2.4840802640065384e-141,9.124051650498655e-136,B1
ENSG00000160223,ICOSLG,1,0.30635623223412756,1.0770332146809385,0.5352112676056338,0.5724024339111331,0.29055865518694524,1.581727195461156e-67,5.80969980620078e-62,B1
ENSG00000116560,SFPQ,2,0.1345600786924911,2.776349404624168,0.7662188315148796,0.17561572902933542,0.03309803922584214,8.421368805768481e-55,3.093177183727569e-49,AML/Progenitor
ENSG00000119535,CSF3R,2,0.10862712305591633,0.6463198625821042,0.44675062407090566,0.24314934821148826,0.039050358304132456,2.3985214752080982e-64,8.809793363654097e-59,AML/Progenitor
ENSG00000198520,ARMH1,2,0.16830189255200928,1.9706112259962618,0.5814938434353351,0.28943022261030227,0.07037146018422473,1.3303721833808017e-114,4.886470333279519e-109,AML/Progenitor
ENSG00000229989,MIR181A1HG,2,0.12477935949504156,0.6368421367383393,0.3743864471432979,0.33329026851039234,0.04352312100612925,1.6108985445505643e-71,5.916846463119668e-66,AML/Progenitor
ENSG00000114942,EEF1B2,2,0.11337559177484342,8.829457928767363,0.7182565282023953,0.15784832761435852,0.0040085687649992815,5.892780851422509e-8,0.021644242995083388,AML/Progenitor
ENSG00000206560,ANKRD28,2,0.1395834328461326,1.9527477237276336,0.6589627801307043,0.2118229391020331,0.05555036069274273,8.212224381769388e-91,3.016358227648278e-85,AML/Progenitor
ENSG00000184897,H1FX,2,0.14568426915508986,6.761578629316264,0.7715199281967857,0.1888276165407503,0.04553133285035717,9.690054977017796e-75,3.559166883113613e-69,AML/Progenitor
ENSG00000128040,SPINK2,2,0.12443310295084148,1.1730460808647223,0.298179676324573,0.4173091355005504,0.035560600668307504,9.467324842161801e-59,3.477357881850872e-53,AML/Progenitor
ENSG00000169567,HINT1,2,0.1122818007488195,4.262967462939394,0.7046251367346367,0.15934969517146969,0.008072850668255502,1.4123623621384763e-14,5.187621079758245e-9,AML/Progenitor
ENSG00000204628,RACK1,2,0.13001771953188615,10.949361086142783,0.7819257846464533,0.166278849073475,0.005411646985792391,2.9749749842253983e-10,1.092711286680973e-4,AML/Progenitor
ENSG00000124766,SOX4,2,0.14425616828548907,2.0346053671372126,0.587916865340925,0.2453683110482583,0.058013676205384376,9.158638853092286e-95,3.36397720937965e-89,AML/Progenitor
ENSG00000204472,AIF1,2,0.12682578989173401,2.1367127138690916,0.6329341149412392,0.2003775541527073,0.06085387370402371,2.5339417748655262e-99,9.307193478498826e-94,AML/Progenitor
ENSG00000213722,DDAH2,2,0.12241072894621473,0.5307773807123837,0.4075393375031554,0.30036543146038497,0.04350475127253137,1.7239653977062435e-71,6.33214214542901e-66,AML/Progenitor
ENSG00000156508,EEF1A1,2,0.13803415348841264,49.74113983689115,0.8699688665750428,0.15866562447439714,0.0016736065226891626,4.5963870288339326e-4,1,AML/Progenitor
ENSG00000132424,PNISR,2,0.12115055373721213,2.780351747845294,0.7804953299862564,0.15522265038965122,0.02577927313320199,4.62114982459796e-43,1.6973529517246552e-37,AML/Progenitor
ENSG00000049618,ARID1B,2,0.12040839975253918,1.4015484111260879,0.6472106134126161,0.1860420661485278,0.04053721413367498,9.8982015925752e-67,3.635619343154464e-61,AML/Progenitor
ENSG00000105810,CDK6,2,0.1161064165724965,0.8802581655434075,0.5351863798277845,0.21694576123155063,0.05199220647531705,4.1976138411129197e-85,1.5417877614546166e-79,AML/Progenitor
ENSG00000002586,CD99,2,0.13085397615360794,3.033481441165736,0.6992398956609542,0.1871374573527711,0.021588826520150543,2.4543454973097456e-36,9.014835555073669e-31,AML/Progenitor
ENSG00000085117,CD82,2,0.12479959101958055,0.9030747841645735,0.5144588113202255,0.24258422301936022,0.0458655017472468,2.8208063984242385e-75,1.0360850109476212e-69,AML/Progenitor
ENSG00000251562,MALAT1,2,0.14058499028111682,343.94232465033633,0.9852186351779654,0.14269420538896138,0.04038658117498892,1.726313332693804e-66,6.34076613411767e-61,AML/Progenitor
ENSG00000172543,CTSW,2,0.11086359671699042,1.1930145978986584,0.5246402827251564,0.2113135425688778,0.03936696848406968,7.451030231528436e-65,2.736770855070626e-59,AML/Progenitor
ENSG00000084207,GSTP1,2,0.11847436779126662,2.9368742150132165,0.6354303985639357,0.1864474347765186,0.02721705267993688,2.2807169110794314e-45,8.377096021563863e-40,AML/Progenitor
ENSG00000111640,GAPDH,2,0.11488932372765955,10.579415550706978,0.748239979805346,0.1535460905972278,0.006755078503647317,1.9364461801008938e-12,7.112586183972384e-7,AML/Progenitor
ENSG00000135486,HNRNPA1,2,0.1301362879672623,5.872515862582427,0.7781392870165204,0.16724035161650874,0.012136889564723193,3.860290250628223e-21,1.4178884693459968e-15,AML/Progenitor
ENSG00000196531,NACA,2,0.11110820080336796,9.859635977928487,0.7434157013435054,0.1494563547724006,3.0257144276966405e-4,0.13635357666036932,1,AML/Progenitor
ENSG00000257698,AC084033.3,2,0.13491265230183597,1.5533623005409114,0.5489580119485036,0.24576133213352536,0.056468855316720544,2.7587130186167088e-92,1.0132780504509358e-86,AML/Progenitor
ENSG00000133112,TPT1,2,0.1100660221594694,30.075669161173344,0.8257369646313073,0.13329428967566448,0.00201185783921671,1.2253081756670998e-4,1,AML/Progenitor
ENSG00000100941,PNN,2,0.15378756443511452,1.9685171185027177,0.7241746837573275,0.21236252507088338,0.05060503868902517,7.051126431737553e-83,2.5898857895036346e-77,AML/Progenitor
ENSG00000226777,FAM30A,2,0.10934181845718215,0.7033610654813045,0.4564552772557709,0.23954552374670735,0.04846885644763783,1.8828371464994358e-79,6.915679667463892e-74,AML/Progenitor
ENSG00000197471,SPN,2,0.11033373153330864,0.7896422565920044,0.48113763217681543,0.22931844061775986,0.03768109017616081,3.7647955164953864e-62,1.382813158004272e-56,AML/Progenitor
ENSG00000182557,SPNS3,2,0.12621491202308732,0.43546995936569893,0.3730120887442852,0.3383668139227861,0.04506677621823709,5.387549785364954e-74,1.978852423714333e-68,AML/Progenitor
ENSG00000124422,USP22,2,0.110871368858478,0.7101219081255578,0.5003786497629933,0.22157493912058945,0.04523891251677967,2.8530992893415174e-74,1.0479462220744288e-68,AML/Progenitor
ENSG00000153944,MSI2,2,0.16590293682922616,1.536037663693089,0.6211539000925589,0.2670882961605888,0.08315014298358862,3.918743491443427e-135,1.4393584031506621e-129,AML/Progenitor
ENSG00000132475,H3F3B,2,0.11248299666412263,12.488671962341913,0.8617227161809665,0.13053270449064103,0.006678145770724798,2.5821027825191676e-12,9.484089341220728e-7,AML/Progenitor
ENSG00000177410,ZFAS1,2,0.1154101957316124,3.1900891513504623,0.6880767396852999,0.16772866902083716,0.014793078155874358,2.0409062238454885e-25,7.496268969246718e-20,AML/Progenitor
ENSG00000185198,PRSS57,2,0.13124554596800603,2.321552209297964,0.6448265223122879,0.20353620923868287,0.07550191766297171,7.645291967049721e-123,2.8081233847893296e-117,AML/Progenitor
ENSG00000060558,GNA15,2,0.12046455798115617,0.8872026275383282,0.5196477154797633,0.23181966242252716,0.060822368078553866,2.8468320905290913e-99,1.0456442736834257e-93,AML/Progenitor
ENSG00000167658,EEF2,2,0.11423231281157191,4.055587034893536,0.7456595517908732,0.15319633811062527,0.009985449781118583,1.1407145697807515e-17,4.189856021950398e-12,AML/Progenitor
ENSG00000130522,JUND,2,0.12042650145755766,8.24885111901973,0.8457072336128797,0.1423973884474099,0.00931975159519937,1.357304754808679e-16,4.985393937459826e-11,AML/Progenitor
ENSG00000198888,MT-ND1,2,0.23511576831379527,123.12504933469157,0.9990744116904609,0.23533359033385015,0.10546930080103716,4.854042284242158e-171,1.782894585044429e-165,AML/Progenitor
ENSG00000198763,MT-ND2,2,0.1880278343149558,80.02729764521047,0.9987658822539478,0.18826016953104885,0.08780727372359683,1.2763573161100975e-142,4.688073185645549e-137,AML/Progenitor
ENSG00000198804,MT-CO1,2,0.22345916140781497,164.974370673057,0.9995792780411186,0.22355321515440896,0.12497294359637033,1.797160414567292e-202,6.600988174309809e-197,AML/Progenitor
ENSG00000198712,MT-CO2,2,0.21854437434248186,195.60024289833197,0.9996073261717107,0.21863022470979843,0.11938688535602807,1.8291572107164624e-193,6.718512726533673e-188,AML/Progenitor
ENSG00000198899,MT-ATP6,2,0.22039477534765003,195.37708580069867,0.9996353743023028,0.22047516625897212,0.13438571669141905,1.1651370201778553e-217,4.2795599264834645e-212,AML/Progenitor
ENSG00000198938,MT-CO3,2,0.22110621763835175,228.0029089468131,0.9994951336493423,0.22121790311379697,0.11587081209939407,8.507443317223232e-188,3.1247924378594106e-182,AML/Progenitor
ENSG00000198840,MT-ND3,2,0.22748191583067345,140.53437383585816,0.9989341710375004,0.2277246313382283,0.09540880687735227,7.573982999693876e-155,2.78193152977056e-149,AML/Progenitor
ENSG00000212907,MT-ND4L,2,0.17573924766120008,5.391401884469804,0.8765601772641853,0.20048737350776802,0.031926178709984654,6.379020942057109e-53,2.3430207710385184e-47,AML/Progenitor
ENSG00000198886,MT-ND4,2,0.2175505310122187,126.48453439177433,0.9991585560822371,0.21773374174490168,0.11608393035607123,3.85764913995101e-188,1.416918386753146e-182,AML/Progenitor
ENSG00000198786,MT-ND5,2,0.1958992095236834,25.728600526110338,0.9943903738815808,0.1970043301595883,0.07051740819341847,7.755155621511243e-115,2.848476414936701e-109,AML/Progenitor
ENSG00000198727,MT-CYB,2,0.2249156978398683,131.16936876786843,0.9989622191680925,0.22514935352327115,0.0993955941570121,2.9096290353358687e-161,1.0687096543078998e-155,AML/Progenitor
ENSG00000020633,RUNX3,3,0.25113888453142086,1.7694619858939595,0.595374518178977,0.42181664962679066,0.1261899448717044,3.861124999384739e-152,1.418195073399014e-146,T1
ENSG00000198821,CD247,3,0.15957043663130238,0.8027041441220912,0.42014793207625795,0.3797958396290284,0.08597434540792002,3.8416874885049195e-104,1.4110556562153455e-98,T1
ENSG00000117523,PRRC2C,3,0.17209202798271128,3.032021058347376,0.8070632357537243,0.2132323966188261,0.0781020899583916,9.306992484058971e-95,3.418467646387344e-89,T1
ENSG00000115875,SRSF7,3,0.17685809898969265,2.6799725072338205,0.7555995416189186,0.23406326929574794,0.09230397039043474,1.0882562166447649e-111,3.997175966298388e-106,T1
ENSG00000152518,ZFP36L2,3,0.17169861109141424,5.023415978089763,0.7876862173143035,0.21797843775512304,0.06636098335909262,9.11294939012415e-81,3.34719542394199e-75,T1
ENSG00000158050,DUSP2,3,0.15371946475148832,1.6800217327429907,0.453693093030524,0.3388181727094228,0.07919328861501829,4.65812368398463e-96,1.7109334872512386e-90,T1
ENSG00000196843,ARID5A,3,0.15618631389679097,0.9843662702535775,0.48505052609646837,0.3220000917300895,0.07846311212398595,3.455523914598047e-95,1.2692173893557772e-89,T1
ENSG00000188042,ARL4C,3,0.16542524295477945,2.4175473137646404,0.6812167934159808,0.24283788149914787,0.11095756392690795,6.01316435399913e-134,2.2086412803882345e-128,T1
ENSG00000145675,PIK3R1,3,0.1563650764996571,1.7945858430037602,0.6020418793624336,0.25972458372040297,0.06519656731754228,2.222783065583361e-79,8.16430442771834e-74,T1
ENSG00000169045,HNRNPH1,3,0.16807118250267875,3.2359950852491464,0.7942494009792687,0.21161008405603532,0.07558130617772672,9.399631128607317e-92,3.452493913168596e-86,T1
ENSG00000206503,HLA-A,3,0.16737372821612542,10.727277661917078,0.9446817376810085,0.17717472619613894,0.07460516424652214,1.3690199903990061e-90,5.0284241149354536e-85,T1
ENSG00000204525,HLA-C,3,0.2033880582950545,9.86649544402835,0.9332222106469424,0.21794172489107255,0.11972974223295284,2.0148028097809702e-144,7.400390868353601e-139,T1
ENSG00000234745,HLA-B,3,0.17894274606557123,18.495632378827153,0.9543702469007188,0.1874982446767185,0.09692892784851737,3.3129025083340534e-117,1.2168324042136062e-111,T1
ENSG00000132424,PNISR,3,0.1643758111106318,3.7160239958647128,0.8494634857797687,0.19350544651103196,0.070274854642063,1.9791302820781147e-85,7.269365317375736e-80,T1
ENSG00000118503,TNFAIP3,3,0.22700868354444947,2.9708829190862907,0.699239504115012,0.32465082737532336,0.15800942252676398,3.391829285643841e-190,1.2458222884462683e-184,T1
ENSG00000273319,AC058791.1,3,0.16714066214378975,1.1317739062124947,0.48880091676216275,0.3419401568453192,0.08105157568375458,2.8391308442735232e-98,1.0428155982325094e-92,T1
ENSG00000184205,TSPYL2,3,0.16612887511761587,1.2534688424138851,0.41254297322637773,0.40269471521565525,0.06953602120334772,1.5024583419377244e-84,5.518544514520681e-79,T1
ENSG00000133872,SARAF,3,0.22876900923861063,5.55291212953105,0.8346702781539743,0.2740830903246909,0.11108878208820072,4.1923105184496647e-134,1.5398398457370802e-128,T1
ENSG00000104660,LEPROTL1,3,0.19404697347544977,1.7430867657851092,0.6339202000208355,0.30610631033538904,0.10736319742426643,1.1739617264801661e-129,4.311973160978915e-124,T1
ENSG00000070756,PABPC1,3,0.15269350458679684,6.372551737197278,0.8898843629544744,0.1715880297973148,0.028562540765581304,9.794200435217188e-36,3.597419614055709e-30,T1
ENSG00000104529,EEF1D,3,0.15000910380874985,5.405263637736767,0.8552974268152933,0.17538823233376244,0.05047641798594055,7.60387235910481e-62,2.792909921371556e-56,T1
ENSG00000167106,FAM102A,3,0.17056761698093753,0.777586454122065,0.37347640379206165,0.456702525913534,0.0768331365121949,3.0283163873139645e-93,1.1123036373768064e-87,T1
ENSG00000013725,CD6,3,0.24244319855701227,1.0294219430529972,0.46671528284196273,0.5194670229796341,0.12508154415335482,8.147875310141493e-151,2.9927227492902806e-145,T1
ENSG00000251562,MALAT1,3,0.16015045114241233,400.055392433495,1,0.16015045114241233,0.2584134907711568,8.5326681792105e-311,3.1340575548922096e-305,T1
ENSG00000198851,CD3E,3,0.17353434371045132,1.3211102478498553,0.5774559849984373,0.3005152742696414,0.11698685646761826,3.802574579412616e-141,1.3966894455928333e-135,T1
ENSG00000107742,SPOCK2,3,0.3100560565342951,1.9266959221911328,0.6462131472028336,0.4798046246449619,0.18294604369106077,4.495178590254004e-220,1.6510835913788858e-214,T1
ENSG00000150593,PDCD4,3,0.17600582079645782,1.8346291357130664,0.6471507448692572,0.27197035959839,0.0924866445628336,6.589712380188661e-112,2.4204079469556754e-106,T1
ENSG00000133639,BTG1,3,0.19742281778870438,10.667983708119918,0.9467652880508386,0.20852350659702612,0.18977036427135996,2.936260258149129e-228,1.0784913290784332e-222,T1
ENSG00000135127,BICDL1,3,0.17791670396605028,0.5624148972791017,0.31534534847379936,0.564196379706018,0.08379563252904454,1.5206352453029046e-101,5.5853084623500214e-96,T1
ENSG00000151327,FAM177A1,3,0.1569479945061184,1.062555557186914,0.49578081050109385,0.31656730390086796,0.07350452237063557,2.8056148610842576e-89,1.0305051440911089e-83,T1
ENSG00000054654,SYNE2,3,0.19698939629378684,1.4968592642696823,0.48911344931763723,0.4027478626249329,0.09519070962936022,3.923354954895056e-115,1.441052198287909e-109,T1
ENSG00000198668,CALM1,3,0.1882467702032228,5.362172127037253,0.8312324200437545,0.22646706945491113,0.09421242780274754,5.761424695207785e-114,2.1161770519745146e-108,T1
ENSG00000089737,DDX24,3,0.1791055866478526,1.9434980784743177,0.6867382018960309,0.260806208469772,0.07821001409651625,6.921134585429165e-95,2.5421396543627178e-89,T1
ENSG00000127152,BCL11B,3,0.1528545477288832,0.6560425213082781,0.3249296801750182,0.47042347023069897,0.06943913528192522,1.9599341321405884e-84,7.198857666693702e-79,T1
ENSG00000078304,PPP2R5C,3,0.18380130410533566,2.1786413964088065,0.6906969475987081,0.266109912233351,0.09232910441834741,1.0156764942030978e-111,3.73058991997292e-106,T1
ENSG00000069667,RORA,3,0.22967993079781407,1.3451095262809973,0.5170330242733618,0.4442268095362114,0.12073316485790349,1.2755851617025735e-145,4.685237054785169e-140,T1
ENSG00000089280,FUS,3,0.1675554035491731,4.09490484182029,0.8583185748515471,0.19521353546164733,0.09603185243103043,3.893281141721543e-116,1.4300060566354645e-110,T1
ENSG00000173812,EIF1,3,0.17059154069069288,22.07295773839922,0.9382227315345348,0.1818241393615324,0.0428645495050118,8.86389156279163e-53,3.2557162349049287e-47,T1
ENSG00000108654,DDX5,3,0.17211100520367895,6.419711164183942,0.9263464944265027,0.1857954947087398,0.08486074338242294,8.169800509003365e-103,3.000775896757445e-97,T1
ENSG00000101745,ANKRD12,3,0.1856333761115171,3.2328319627100197,0.7659131159495781,0.24236871290729767,0.10083389958068534,7.2686696265973e-122,2.669789622518815e-116,T1
ENSG00000101695,RNF125,3,0.32705716671805274,1.9797883497926767,0.6742368996770497,0.4850775252358758,0.19120342726332662,5.604566251671499e-230,2.058562788805193e-224,T1
ENSG00000131051,RBM39,3,0.15874119394349306,4.154898732758521,0.8794666111053234,0.18049712398289386,0.08373138208106329,1.813935371820409e-101,6.66260276005008e-96,T1
ENSG00000105329,TGFB1,3,0.16579656069392337,3.3707870710877,0.7143452442962809,0.2320958416364256,0.07669141927411731,4.4678753438688435e-93,1.6410550816783701e-87,T1
ENSG00000105373,NOP53,3,0.15646861570629755,2.8099312110921546,0.7633086779872903,0.20498734027088172,0.06448687356779113,1.5573114367949572e-78,5.720020480462246e-73,T1
ENSG00000100100,PIK3IP1,3,0.21800257653333974,1.6826497689647066,0.5806854880716741,0.3754228080630657,0.1188235679990895,2.4352249284361885e-143,8.944605514395405e-138,T1
ENSG00000198712,MT-CO2,3,0.15435203443605408,123.64167022328922,0.9998958224815085,0.15436811612332602,0.09861366644187522,3.2387546320730025e-119,1.1895978151150459e-113,T1
ENSG00000198899,MT-ATP6,3,0.15066136211263043,118.32356391950437,0.9998958224815085,0.15067705927475927,0.08920022756966074,5.471253884229563e-108,2.0095970229314028e-102,T1
ENSG00000198938,MT-CO3,3,0.16633516490686073,156.52737529003517,0.9998958224815085,0.1663524950969948,0.1331549186664967,1.8318260524316407e-160,6.72831540884194e-155,T1
ENSG00000198840,MT-ND3,3,0.16186893958248302,89.61082273946926,0.9996874674445255,0.161919544711573,0.12799272204335593,2.7073772449954533e-154,9.94422369464075e-149,T1
ENSG00000198727,MT-CYB,3,0.17541757532519928,94.34696142308816,0.9998958224815085,0.17543585179689392,0.14231545594723868,2.0408610088458483e-171,7.49610289410089e-166,T1
ENSG00000143297,FCRL5,4,0.39797245126160746,0.8335307185004289,0.52,0.7653316370415528,0.2886369200349574,5.169181323396509e-16,1.898645469264861e-10,PC
ENSG00000026751,SLAMF7,4,0.23827751033025238,0.5987773382095029,0.36,0.66188197313959,0.1273155145298889,7.288392255316553e-8,0.026770337637700255,PC
ENSG00000143870,PDIA6,4,0.21423680181004953,1.8593892370921297,0.76,0.2818905286974336,0.12143359670308278,1.4558916830524131e-7,0.05347504710768344,PC
ENSG00000115884,SDC1,4,0.4645831469324695,0.8933093816621986,0.48,0.9678815561093115,0.378102252244233,1.696980331946203e-20,6.2330257290417235e-15,PC
ENSG00000211592,IGKC,4,0.6491899649423629,1686.568942719196,0.72,0.9016527290866152,0.47249583155904645,3.2401171579135255e-25,1.190098272218796e-19,PC
ENSG00000123989,CHPF,4,0.23608553770745008,0.574780428442388,0.36,0.6557931602984725,0.14245906809047684,1.2324438752689053e-8,0.004526778678301442,PC
ENSG00000135916,ITM2C,4,0.3631149025170909,5.7569481526007245,0.72,0.5043262534959596,0.24663045027688604,6.676323450879069e-14,2.452220279831333e-8,PC
ENSG00000132465,JCHAIN,4,0.34001772265713087,31.78594920956628,0.44,0.7727675514934793,0.27654190723140415,2.093144177190335e-15,7.688139494261873e-10,PC
ENSG00000049656,CLPTM1L,4,0.16126421364100582,0.8829348162280704,0.48,0.3359671117520955,0.07709900981222564,2.7952684237928147e-5,1,PC
ENSG00000120725,SIL1,4,0.18988977686936448,0.7114007169298584,0.48,0.395603701811176,0.0634136876591712,1.4497744098608895e-4,1,PC
ENSG00000170476,MZB1,4,0.7289258851256075,11.95275457556671,0.92,0.7923107447017472,0.713960263257433,2.923669885482674e-37,1.0738668726076717e-31,PC
ENSG00000169223,LMAN2,4,0.20462375453241255,1.4184308798097631,0.68,0.30091728607707724,0.08630916767497326,9.304068814906733e-6,1,PC
ENSG00000184840,TMED9,4,0.19729344181964617,1.1374391857889148,0.72,0.274018669193953,0.08880994374537035,6.907673705018581e-6,1,PC
ENSG00000239264,TXNDC5,4,0.16272263377501234,0.18815221167390908,0.36,0.45200731604170097,0.12777434747249428,6.90570986930838e-8,0.025364741407068372,PC
ENSG00000204228,HSD17B8,4,0.20108073785691585,0.6155983871165365,0.36,0.5585576051580996,0.09050874540766043,5.6435560662959e-6,1,PC
ENSG00000155660,PDIA4,4,0.17178843045178477,0.86484331685207,0.44,0.3904282510267836,0.0718627403530895,5.237909003279196e-5,1,PC
ENSG00000123131,PRDX4,4,0.39789855932979035,2.095921619088341,0.76,0.5235507359602505,0.36036945312769375,1.310243287092614e-19,4.812536695924042e-14,PC
ENSG00000180879,SSR4,4,0.4260097796247444,14.89164736013711,0.92,0.4630541082877656,0.43832159088266576,1.6521380989954733e-23,6.068319758991364e-18,PC
ENSG00000154589,LY96,4,0.14961993167299129,0.3667174981749819,0.36,0.4156109213138647,0.10106051938087755,1.613256855382848e-6,0.5925508562389755,PC
ENSG00000167123,CERCAM,4,0.17975193660622985,0.4245559650670861,0.28,0.6419712021651065,0.0756536107153856,3.323686489219163e-5,1,PC
ENSG00000173486,FKBP2,4,0.2771268418089909,2.150879347266037,0.64,0.43301069032654826,0.12449508799900015,1.0154756177667973e-7,0.03729852098813624,PC
ENSG00000118363,SPCS2,4,0.18564546466632306,1.3946581062362962,0.68,0.2730080362740045,0.09421564288282833,3.6327527947271226e-6,1,PC
ENSG00000139193,CD27,4,0.35677162038440063,1.379037215755399,0.68,0.5246641476241185,0.2105282147034123,4.399656414708175e-12,1.6159982007787273e-6,PC
ENSG00000134285,FKBP11,4,0.2791036231873482,1.721291134527128,0.64,0.43609941123023155,0.22090603319252025,1.3184346720044484e-12,4.842623734619059e-7,PC
ENSG00000166598,HSP90B1,4,0.24679430302003297,4.61580050431585,0.76,0.32472934607899073,0.12376193425062296,1.1069477532082453e-7,0.04065830167011417,PC
ENSG00000183087,GAS6,4,0.24019164886273744,0.21173791976506182,0.36,0.6671990246187152,0.19615705834242,2.3386175033427562e-11,8.589765475952978e-6,PC
ENSG00000211890,IGHA2,4,0.19814343460392275,3.023373766882134,0.24,0.8255976441830115,0.1582225406363216,1.9481343276754596e-9,7.15551686689524e-4,PC
ENSG00000211892,IGHG4,4,0.46544436416142954,80.36934952053488,0.48,0.969675758669645,0.31840050508929396,1.660227729331097e-17,6.098033052110413e-12,PC
ENSG00000211893,IGHG2,4,0.17941937732813132,1.4821564153156186,0.36,0.49838715924480925,0.19784884875238085,1.9208619575103555e-11,7.055345178555111e-6,PC
ENSG00000253755,IGHGP,4,0.23738673938780339,0.5940483886204836,0.24,0.9891114141158475,0.1950508550688995,2.6597960989034716e-11,9.76945766923344e-6,PC
ENSG00000211895,IGHA1,4,0.4915447251668215,355.8957297227366,0.56,0.8777584377978955,0.3209115372936793,1.2424228316138002e-17,4.563431484745804e-12,PC
ENSG00000211896,IGHG1,4,0.5312866190127989,236.27828229826397,0.56,0.948726105379998,0.38894551817823503,4.865037810183527e-21,1.7869332527182197e-15,PC
ENSG00000211897,IGHG3,4,0.5119727332670048,261.8493544682474,0.52,0.9845629485903937,0.36915378064728277,4.7595793312242385e-20,1.748198247937994e-14,PC
ENSG00000259772,AC012236.1,4,0.15583604054823813,0.08850614097522777,0.2,0.7791802027411906,0.12227270524073344,1.3189674895336639e-7,0.048445807787320425,PC
ENSG00000103260,METRN,4,0.3539884768938129,1.6047865159181842,0.52,0.6807470709496402,0.20644876986956653,7.067650760630889e-12,2.5959551920304863e-6,PC
ENSG00000048462,TNFRSF17,4,0.23118610858459687,0.22628726157204163,0.32,0.7224565893268652,0.22947188289206633,4.879816582371632e-13,1.792361510521683e-7,PC
ENSG00000168447,SCNN1B,4,0.19733904479117878,0.05936132032342349,0.2,0.9866952239558938,0.16154189518429493,1.3218350574290097e-9,4.855113384287327e-4,PC
ENSG00000051523,CYBA,4,0.15589829602540892,6.3741467556916565,0.8,0.19487287003176113,0.03682008304964707,0.00378977806450136,1,PC
ENSG00000185624,P4HB,4,0.16453036068411075,1.7979981830445946,0.76,0.2164873166896194,0.05465220574500585,4.198756721280201e-4,1,PC
ENSG00000166562,SEC11C,4,0.32137604301942463,2.277891806810947,0.68,0.4726118279697421,0.21548625929937149,2.4735744502583724e-12,9.085463691543505e-7,PC
ENSG00000101294,HM13,4,0.21247813361416296,1.433018739438076,0.68,0.3124678435502396,0.08740115611064886,8.169141198037834e-6,1,PC
ENSG00000061656,SPAG4,4,0.2776054076297247,0.35649406334844286,0.36,0.7711261323047909,0.16775034199140024,6.402428746576242e-10,2.3516184810462001e-4,PC
ENSG00000167476,JSRP1,4,0.3751479497635522,1.1451049100585289,0.48,0.7815582286740671,0.2538967496735683,2.877398997887578e-14,1.0568715293231054e-8,PC
ENSG00000074842,MYDGF,4,0.20131747422166418,1.3867436237186865,0.72,0.2796076030856447,0.0827626366783709,1.4202570399159313e-5,1,PC
ENSG00000128228,SDF2L1,4,0.18448408331582614,1.0817810524807252,0.6,0.30747347219304355,0.11417769138923865,3.423264237195757e-7,0.12573683775862388,PC
ENSG00000254709,IGLL5,4,0.14926286843158948,1.637709834525503,0.16,0.9328929276974341,0.09433792501224438,3.5803850797927087e-6,1,PC
ENSG00000211677,IGLC2,4,0.2535566163340926,584.719627948755,0.28,0.9055593440503306,0.13657083648162785,2.458127739618136e-8,0.00902872776889481,PC
ENSG00000099958,DERL3,4,0.44397195366005376,1.734766708758609,0.6,0.7399532561000897,0.35568336669300776,2.249076449194681e-19,8.260880288656556e-14,PC
ENSG00000100219,XBP1,4,0.21438128846381657,2.6336066688288162,0.72,0.29775178953307857,0.09408037506107067,3.6915774974963714e-6,1,PC
ENSG00000184164,CRELD2,4,0.19733314109469138,0.7102764996384692,0.52,0.3794868097974834,0.1115375291978917,4.674465389455992e-7,0.17169358120125755,PC
ENSG00000117394,SLC2A1,5,0.19620508978862916,1.1639569115218202,0.37243834664814174,0.5268122671965151,0.07363493185715336,1.2224736108889915e-93,4.490157797531374e-88,Erythroid
ENSG00000143416,SELENBP1,5,0.45036477301643807,1.6216050476805088,0.5580930878777354,0.8069707057814377,0.19805001827699797,1.3699829016842894e-249,5.0319608977154116e-244,Erythroid
ENSG00000163554,SPTA1,5,0.2019376672208094,0.7621861040543645,0.25277874261896494,0.7988712386516115,0.06697164462754449,2.559791900594009e-85,9.402141248800801e-80,Erythroid
ENSG00000143774,GUK1,5,0.226812323472672,3.7890185248243653,0.8141715873567211,0.27858049457244993,0.1116845283368727,3.3154076087358175e-141,1.2177525300962746e-135,Erythroid
ENSG00000136732,GYPC,5,0.26945328623034237,3.786473990298047,0.7407085793678361,0.36377773085915854,0.1207085246157311,1.6765314561128409e-152,6.157916803617026e-147,Erythroid
ENSG00000082146,STRADB,5,0.19767469706434962,0.7104045309675042,0.45250086835706843,0.43684932093514683,0.10392459147884175,1.6960679155877184e-131,6.229674414632845e-126,Erythroid
ENSG00000145335,SNCA,5,0.33596761619443083,2.9310927868196144,0.6648141715873567,0.5053556776508706,0.1908220662992154,1.7047274445793447e-240,6.261480951214379e-235,Erythroid
ENSG00000250361,GYPB,5,0.34074647432258054,1.5535894091188585,0.4379993053143453,0.7779612209157092,0.13584215892749607,1.845286494271222e-171,6.777755746323142e-166,Erythroid
ENSG00000170180,GYPA,5,0.26641634332897074,1.8057401641337891,0.34795067731851337,0.7656727251750504,0.10348134294528058,6.07973006746801e-131,2.2330909335110676e-125,Erythroid
ENSG00000137267,TUBB2A,5,0.22779751588811809,0.9482920230892137,0.3799930531434526,0.5994781062540145,0.09742741940763137,2.2650825310947163e-123,8.319670787536204e-118,Erythroid
ENSG00000172331,BPGM,5,0.23965770017183285,1.0109077442776322,0.4526745397707537,0.5294260646803812,0.10242171398055776,1.286093735369216e-129,4.7238351509484845e-124,Erythroid
ENSG00000158578,ALAS2,5,0.5985221402859866,5.226690325407868,0.7778742618964919,0.7694330171392522,0.35252465099343344,0,0,Erythroid
ENSG00000130821,SLC6A8,5,0.21363269573236912,0.38313874328568776,0.29584925321292116,0.7220998309521464,0.08505023901379034,6.707240950609993e-108,2.4635763084000012e-102,Erythroid
ENSG00000158856,DMTN,5,0.23856848206152775,1.0803169801994983,0.531347690170198,0.44898752074204173,0.142566623830551,6.858509795791505e-180,2.5191375065040156e-174,Erythroid
ENSG00000147454,SLC25A37,5,0.49797332518134946,12.491256872050776,0.8958839874956582,0.5558457703584783,0.3440153879453462,0,0,Erythroid
ENSG00000104765,BNIP3L,5,0.2352677389817372,2.3327058814898085,0.691820076415422,0.34007070190958777,0.1287411092842984,1.4588813290843343e-162,5.358485710540051e-157,Erythroid
ENSG00000029534,ANK1,5,0.2190626736443711,0.9405992599610257,0.36375477596387634,0.6022262472400519,0.10330367939940581,1.0141734271837098e-130,3.725069139780038e-125,Erythroid
ENSG00000133742,CA1,5,0.44437631917747744,10.531025370973293,0.5477596387634596,0.8112615237234987,0.18229143027835976,9.117862743599902e-230,3.3490001035869875e-224,Erythroid
ENSG00000198876,DCAF12,5,0.2197092490446248,0.984798313295842,0.40725946509204586,0.5394822413641576,0.0899713443777434,4.74651456332803e-114,1.743399545624949e-108,Erythroid
ENSG00000136842,TMOD1,5,0.22757044865381762,0.48334765402929825,0.35845779784647447,0.6348598078239738,0.10266018838599748,6.471349642054153e-130,2.3769331948761326e-124,Erythroid
ENSG00000244734,HBB,5,0.7448821886557128,1515.371394511896,0.9993053143452588,0.7454000073478613,0.853913037436702,0,0,Erythroid
ENSG00000223609,HBD,5,0.5699841112776546,20.377550657026124,0.816950329975686,0.697697387911721,0.3560515304086234,0,0,Erythroid
ENSG00000166793,YPEL4,5,0.1880654121412875,0.3729404323642467,0.24279263633205975,0.7745927346992371,0.06764508349983794,3.6925288957503855e-86,1.3562695559380124e-80,Erythroid
ENSG00000256269,HMBS,5,0.2897139271176346,1.502683458398156,0.44494616186175756,0.6511213084868618,0.1173921261364533,2.3799115696782026e-148,8.741438994543735e-143,Erythroid
ENSG00000165406,MARCH8,5,0.20146745223782683,0.9596122468911747,0.42992358457797847,0.46861223590604195,0.08115145780989198,4.988714466160997e-103,1.8323598121354004e-97,Erythroid
ENSG00000249790,AC092490.1,5,0.2997327037306879,5.194498710639457,0.43626259117749216,0.6870465398412822,0.12355184175752049,4.6119484047175446e-156,1.6939732610011588e-150,Erythroid
ENSG00000060138,YBX3,5,0.2034554428010138,3.872452386036542,0.8001910385550538,0.25425858700992676,0.10396542100885736,1.5078931701938857e-131,5.5385066930538444e-126,Erythroid
ENSG00000182512,GLRX5,5,0.31355007964258824,3.5154768448444598,0.712139631816603,0.4402929785592057,0.1505245893087569,7.1659922394349e-190,2.6320761155366784e-184,Erythroid
ENSG00000166947,EPB42,5,0.29980470419376526,0.6376619192085984,0.4032650225772838,0.743443362079113,0.1277350387260091,2.656739818142306e-161,9.758231919434871e-156,Erythroid
ENSG00000206177,HBM,5,0.3192565663765753,4.180467286027366,0.40474122959360886,0.7887918082799059,0.12198600513372043,4.214752668040583e-154,1.5480828697239742e-148,Erythroid
ENSG00000188536,HBA2,5,0.6825756767620229,1091.1636205516813,0.9967002431399792,0.6848354672932092,0.7372019902057159,0,0,Erythroid
ENSG00000206172,HBA1,5,0.7006068569292765,698.1660436622749,0.998002778742619,0.7020089240753109,0.8103248919114577,0,0,Erythroid
ENSG00000086506,HBQ1,5,0.4022158061888283,1.5934208993169507,0.5820597429663077,0.6910215163464937,0.20608056715969078,1.06287069992428e-259,3.90393470952888e-254,Erythroid
ENSG00000063854,HAGH,5,0.1985909417729415,0.9393254680130929,0.5089440778047933,0.3902018913934814,0.10734647210012824,8.885382753361627e-136,3.263609970692479e-130,Erythroid
ENSG00000169877,AHSP,5,0.6001714402117029,15.061001126005223,0.7676276484890587,0.7818522969997703,0.32509242743943934,0,0,Erythroid
ENSG00000170315,UBB,5,0.21158954692047202,8.15367403329422,0.850816255644321,0.24869006147541906,0.05112392996603705,1.5548367085453167e-65,5.710930778854033e-60,Erythroid
ENSG00000004939,SLC4A1,5,0.4580316913264518,4.9781438205199535,0.609586662035429,0.7513807631503445,0.2101993052940096,6.900725326418479e-265,2.534643313118834e-259,Erythroid
ENSG00000013306,SLC25A39,5,0.5353671934499512,8.324548632736223,0.8938867662382772,0.5989205944987019,0.41312622743291483,0,0,Erythroid
ENSG00000198336,MYL4,5,0.33867966272460776,1.1600650502711731,0.4162035428968392,0.8137356553174594,0.13340855762777593,2.069849590663798e-168,7.602578245004036e-163,Erythroid
ENSG00000066926,FECH,5,0.33295792350658404,1.3535845166033733,0.5519277526919069,0.6032636008656108,0.16459918743435775,1.548255791453638e-207,5.686759004567127e-202,Erythroid
ENSG00000171552,BCL2L1,5,0.2116216190042862,1.278397904933848,0.4947898575894408,0.42769999376155843,0.10735165218991166,8.753771548358252e-136,3.2152690434835342e-130,Erythroid
ENSG00000124098,FAM210B,5,0.3028023594021604,1.1500191905264863,0.5583535949982633,0.5423129037131071,0.16517360268941883,2.941184590805267e-208,1.0803000413873654e-202,Erythroid
ENSG00000172270,BSG,5,0.2914632094119091,4.338959623396653,0.7669329628343174,0.38003740031561883,0.1557154971839594,2.197640232802754e-196,8.071954551486845e-191,Erythroid
ENSG00000167815,PRDX2,5,0.27958857389389696,5.613946342196614,0.5259638763459534,0.5315737191616506,0.08842145398351824,4.1069837943096155e-112,1.508499254633716e-106,Erythroid
ENSG00000105610,KLF1,5,0.2650301556152803,0.72130899166913,0.3669676971170545,0.7222165811797369,0.12002407576640846,1.2061878428949264e-151,4.430340008831493e-146,Erythroid
ENSG00000105701,FKBP8,5,0.32361591263664297,4.6676315403595465,0.8579367836054186,0.37720251517445147,0.23157416143335996,7.8131862103951855e-292,2.869791108264362e-286,Erythroid
ENSG00000090013,BLVRB,5,0.41864878997452754,4.696934438770209,0.6885203195554012,0.6080412997031983,0.21707657888983514,1.4912646616913257e-273,5.477430015038857e-268,Erythroid
ENSG00000198692,EIF1AY,5,0.19492907244746352,1.801153548538248,0.5589614449461618,0.3487343791059484,0.07925290467015644,1.1745255415570318e-100,4.314044059394393e-95,Erythroid
ENSG00000184792,OSBP2,5,0.1943498495331629,0.49070726226835465,0.3136505731156652,0.6196381138493643,0.08636865170749816,1.510093159469644e-109,5.546587275663597e-104,Erythroid
ENSG00000100225,FBXO7,5,0.2288776960672254,1.934043609007341,0.694338311913859,0.3296342606190805,0.12428097105877885,5.632936474138585e-157,2.0689831998875764e-151,Erythroid
ENSG00000169442,CD52,6,0.4613027614482368,9.62171683776888,0.9716705607476636,0.4747522257886272,0.5496723845702469,0,0,T/NK
ENSG00000182866,LCK,6,0.5355942019272506,1.460617234967684,0.7698598130841121,0.6957035460542133,0.4302826087249679,0,0,T/NK
ENSG00000116824,CD2,6,0.47427766322482057,1.587496874014708,0.7517523364485982,0.6308961611817349,0.3730348173952965,0,0,T/NK
ENSG00000197747,S100A10,6,0.2457166442216561,3.606197048115808,0.9138434579439252,0.2688826429577982,0.3869448129846719,0,0,T/NK
ENSG00000196154,S100A4,6,0.32819444540559517,16.39173431571838,0.9804322429906542,0.3347446473246225,0.4174815053485075,0,0,T/NK
ENSG00000117091,CD48,6,0.2839204858460548,2.8906641875894192,0.8948598130841121,0.3172792896660873,0.3229079425476739,5.104126996841424e-285,1.874750950066852e-279,T/NK
ENSG00000198821,CD247,6,0.28576153617515165,1.0156894416811009,0.6244158878504673,0.4576461645761082,0.2364739923352394,7.83408747107479e-209,2.8774681622132414e-203,T/NK
ENSG00000009790,TRAF3IP3,6,0.23887744733702762,1.0381330116625402,0.6582943925233645,0.3628732829112611,0.19443428910333171,6.847551649293073e-172,2.515112568336995e-166,T/NK
ENSG00000235576,LINC01871,6,0.2926960628838443,0.6126207889032782,0.3866822429906542,0.7569420840742318,0.15436311489805593,9.596508171374909e-137,3.5248070478541753e-131,T/NK
ENSG00000034510,TMSB10,6,0.27045668907123005,27.388645132808175,0.9988317757009346,0.27077301268417886,0.47181093010763053,0,0,T/NK
ENSG00000172005,MAL,6,0.2855315221864806,0.8163116461422031,0.44889018691588783,0.63608323485134,0.16477050524671608,7.237682209615898e-146,2.658407913274129e-140,T/NK
ENSG00000158050,DUSP2,6,0.2504242213447996,2.19902737529484,0.5995911214953271,0.4176583214245464,0.18123138057305932,2.6464311775892174e-160,9.720368179596971e-155,T/NK
ENSG00000136717,BIN1,6,0.26986888889160415,0.9612969272387033,0.6486565420560748,0.4160428075483352,0.22319918455236154,3.687896668688424e-197,1.3545681343059268e-191,T/NK
ENSG00000188042,ARL4C,6,0.2710335232456983,3.172851461071904,0.9085864485981309,0.2983024055266059,0.38158979820304473,0,0,T/NK
ENSG00000168685,IL7R,6,0.3311915184342849,1.9297351548986876,0.601927570093458,0.5502182237355611,0.23143010214850337,2.138150679000752e-204,7.853448825476552e-199,T/NK
ENSG00000113088,GZMK,6,0.24216075046409885,2.664711515354058,0.35514018691588783,0.6818736920962783,0.11217541663621595,8.37700425319007e-100,3.076882039200966e-94,T/NK
ENSG00000145649,GZMA,6,0.4728377244936001,4.435889984789091,0.6355140186915887,0.7440240664825767,0.28305836104251597,7.460406119829285e-250,2.7402146282194162e-244,T/NK
ENSG00000197043,ANXA6,6,0.31648592635735173,1.228331554554421,0.7070677570093458,0.4476033919238217,0.2738888014010543,9.00740451536702e-242,3.308428685898822e-236,T/NK
ENSG00000204642,HLA-F,6,0.277558747560548,1.194409970612568,0.701518691588785,0.39565410143518587,0.2667231473417256,1.852375639066468e-235,6.803794246047527e-230,T/NK
ENSG00000234745,HLA-B,6,0.24524279351093223,26.45091886212112,0.9979556074766355,0.2457451931464536,0.4265851368337724,0,0,T/NK
ENSG00000227507,LTB,6,0.5052122454445199,10.307361000192527,0.8691588785046729,0.5812657017479961,0.4118400531885153,0,0,T/NK
ENSG00000240065,PSMB9,6,0.2501366114545436,1.2631555620233494,0.7123247663551402,0.35115529217726826,0.22622552313003264,8.059430880518155e-200,2.960237021845199e-194,T/NK
ENSG00000164483,SAMD3,6,0.24146162453398032,0.5095481435774223,0.38113317757009346,0.6335360937964357,0.14641703196638756,8.801250974850727e-130,3.232708284313647e-124,T/NK
ENSG00000211751,TRBC1,6,0.32691858265118634,2.167534184881942,0.5356308411214953,0.6103430899660098,0.20805649398625833,7.467503449962078e-184,2.742821484674521e-178,T/NK
ENSG00000211772,TRBC2,6,0.44454147109156056,2.930526261816652,0.7879672897196262,0.5641623413704608,0.34846800368222763,1.306355945385465e-307,4.798258450960266e-302,T/NK
ENSG00000133574,GIMAP4,6,0.26115565177121286,0.5462184898507374,0.42757009345794394,0.6107902675304868,0.16073741442632006,2.4845387537745872e-142,9.125735688001597e-137,T/NK
ENSG00000147168,IL2RG,6,0.25522791707398246,1.2788003190981938,0.7292640186915887,0.349980131382185,0.22694169058376631,1.890869038582152e-200,6.94518088740263e-195,T/NK
ENSG00000245164,LINC00861,6,0.2454994110677191,0.4113017902643612,0.34725467289719625,0.7069722317038438,0.13146127595830343,1.1039874380585916e-116,4.0549568998635874e-111,T/NK
ENSG00000133321,RARRES3,6,0.3247558698626886,1.4350170968058151,0.7394859813084113,0.439164335864868,0.26612899116377986,6.1815538315739525e-235,2.2704909038909444e-229,T/NK
ENSG00000198851,CD3E,6,0.5136953189393549,2.8593622139922124,0.9231892523364486,0.5564355495249451,0.5681419041280196,0,0,T/NK
ENSG00000167286,CD3D,6,0.5881527366831838,3.361796447322546,0.9158878504672897,0.6421667635214354,0.5819203011669387,0,0,T/NK
ENSG00000160654,CD3G,6,0.5354626503671683,1.986956983600351,0.8233060747663551,0.6503810269092531,0.4644604724347652,0,0,T/NK
ENSG00000134954,ETS1,6,0.30352499499994506,1.2973217540447446,0.7213785046728972,0.4207569161456728,0.2610577550456165,1.8094039411924187e-230,6.645958770039166e-225,T/NK
ENSG00000180644,PRF1,6,0.24617713813423908,1.3410756506149408,0.37295560747663553,0.6600708856473254,0.133527818376314,1.7120295995829514e-118,6.288301839564177e-113,T/NK
ENSG00000277734,TRAC,6,0.555027430569538,3.4623884923983472,0.8431658878504673,0.6582659931659501,0.47820353243765606,0,0,T/NK
ENSG00000054654,SYNE2,6,0.2646379545111956,1.3831991682303384,0.6988901869158879,0.37865455756219546,0.2614935265330524,7.477861351219794e-231,2.7466259521643815e-225,T/NK
ENSG00000198668,CALM1,6,0.23724399450647898,5.8307174595415265,0.9833528037383178,0.24126030210578675,0.3619961510931115,1.4034e-319,5.1546782383e-314,T/NK
ENSG00000196405,EVL,6,0.36636171209155866,2.592433429252355,0.8960280373831776,0.4088730450461202,0.41009088453714077,0,0,T/NK
ENSG00000166710,B2M,6,0.26075199205527577,76.85596547911786,1,0.26075199205527577,0.5684189981284735,0,0,T/NK
ENSG00000069667,RORA,6,0.2496553979647183,1.145692888727893,0.638142523364486,0.3912220057808675,0.21614067196134654,5.89521409314187e-191,2.165318031625102e-185,T/NK
ENSG00000008517,IL32,6,0.7542653445241285,12.080791153124814,0.9821845794392523,0.7679466368274208,0.8246934109089864,0,0,T/NK
ENSG00000102879,CORO1A,6,0.26629438004940015,3.555691760462148,0.9410046728971962,0.2829894342921,0.3273479966371695,6.103006953371631e-289,2.2416405569803533e-283,T/NK
ENSG00000108518,PFN1,6,0.23938743001553964,7.355542653579965,0.982768691588785,0.2435847133352772,0.3055378374893864,1.1078862627569576e-269,4.069277321968933e-264,T/NK
ENSG00000072818,ACAP1,6,0.239692017138406,1.3799539377380554,0.7634345794392523,0.31396536598389524,0.21545984092602002,2.337617401069219e-190,8.586092090301252e-185,T/NK
ENSG00000141293,SKAP1,6,0.2896159961189161,0.6795932738152703,0.5052570093457944,0.5732053009891148,0.18153477432331525,1.4337484481623872e-160,5.26617238758493e-155,T/NK
ENSG00000197540,GZMM,6,0.3204283876154531,1.4047525262099394,0.6384345794392523,0.5018969804187152,0.24280445712284582,2.113031258166171e-214,7.761184941556927e-209,T/NK
ENSG00000104964,AES,6,0.27098552904711176,3.9237309507448357,0.9573598130841121,0.2830550492548233,0.35609448642477765,2.3421448173e-314,8.60272133550795e-309,T/NK
ENSG00000171223,JUNB,6,0.28084945240754255,7.608618346701475,0.9120911214953271,0.30791819565911804,0.28140910989454804,2.1214905814104403e-248,7.792256120426362e-243,T/NK
ENSG00000105374,NKG7,6,0.2386354429803626,8.465702357171187,0.544392523364486,0.43835180083946435,0.10170911015072998,1.2004865857198276e-90,4.409399234214784e-85,T/NK
ENSG00000160255,ITGB2,6,0.2513551406910289,2.5118340755693676,0.8452102803738317,0.2973876992833735,0.24140366068451424,3.6088542797541937e-213,1.325535785807995e-207,T/NK
ENSG00000162614,NEXN,7,0.28967969019637274,2.2928264402664995,0.33879781420765026,0.855022311386068,0.18813128467856272,6.701164687424638e-61,2.461344490855757e-55,MK/Plt
ENSG00000158710,TAGLN2,7,0.33281162333418685,14.077075023812075,0.7568306010928961,0.4397438777628606,0.18794081547521385,7.692398060301812e-61,2.825425499946916e-55,MK/Plt
ENSG00000150681,RGS18,7,0.6767161484222477,21.29348166214936,0.8032786885245902,0.842442552117492,0.5640957093218149,2.2346857453689802e-179,8.208023089597718e-174,MK/Plt
ENSG00000163041,H3F3A,7,0.3388707061003742,27.463361074435642,0.9180327868852459,0.3691270191450504,0.22901655335528062,9.234227839887304e-74,3.3917411198184465e-68,MK/Plt
ENSG00000228474,OST4,7,0.37059099232911874,13.606307493715263,0.8360655737704918,0.4432558927858087,0.24747433518770778,1.440820365177383e-79,5.292147609500179e-74,MK/Plt
ENSG00000169756,LIMS1,7,0.4290813926698603,9.491715232585824,0.6939890710382514,0.6182826366817672,0.30259469074542195,6.494702552052925e-97,2.3855107420715913e-91,MK/Plt
ENSG00000187699,C2orf88,7,0.3970245664914471,3.8593891481146887,0.46994535519125685,0.8448313449759862,0.29317629866088313,5.985985471925634e-94,2.1986584498237575e-88,MK/Plt
ENSG00000168497,CAVIN2,7,0.651445843451971,13.747406187603303,0.6967213114754098,0.9350163870722408,0.5046990910000251,1.2834244705008666e-160,4.714030914394388e-155,MK/Plt
ENSG00000088726,TMEM40,7,0.40377281506431684,3.7296378668626318,0.4180327868852459,0.9658879105460128,0.28039183140705043,6.3206955280468166e-90,2.321597788147124e-84,MK/Plt
ENSG00000065534,MYLK,7,0.28813815441215435,1.690264632689485,0.31420765027322406,0.9170309957812912,0.18942839897100877,2.6190723210804037e-61,9.619878826051534e-56,MK/Plt
ENSG00000169704,GP9,7,0.4642651040140119,4.239630887031544,0.4890710382513661,0.9492794864197115,0.3380492533287903,4.465329896367571e-108,1.6401201362657051e-102,MK/Plt
ENSG00000163737,PF4,7,0.7749359893879193,57.661486911207106,0.825136612021858,0.9391608348211207,0.6473414985152589,1.0636978507087256e-205,3.906972842631656e-200,MK/Plt
ENSG00000163736,PPBP,7,0.7461101997736562,83.81708840925126,0.7868852459016393,0.9481817122123548,0.6024495609031417,1.6836612986011093e-191,6.184104786374861e-186,MK/Plt
ENSG00000153071,DAB2,7,0.30728116887461887,2.991532299046077,0.35792349726775957,0.8585107466267977,0.19579212531285822,2.6089207793990446e-63,9.582592111940485e-58,MK/Plt
ENSG00000113140,SPARC,7,0.33674478334781127,3.759323362095856,0.4562841530054645,0.7380155132053828,0.22673927088176066,4.8060177358252056e-73,1.7652551203863337e-67,MK/Plt
ENSG00000176783,RUFY1,7,0.4214328207947246,5.54652917667613,0.5491803278688525,0.7673851363724835,0.2889144038400874,1.3138070417545736e-92,4.825626402434966e-87,MK/Plt
ENSG00000180573,HIST1H2AC,7,0.3372975365891186,5.409744584783538,0.5109289617486339,0.6601652320407347,0.20900325793520289,1.8234932981950713e-67,6.697709119203479e-62,MK/Plt
ENSG00000204420,MPIG6B,7,0.45854950214524437,3.464494134269993,0.5191256830601093,0.8833111462376813,0.3467694752546433,8.009257738416837e-111,2.9418083765782424e-105,MK/Plt
ENSG00000112096,SOD2,7,0.3450503084723629,4.728206590633725,0.6174863387978142,0.5587982871720567,0.2665372346330999,1.4475245724222537e-85,5.316772229752662e-80,MK/Plt
ENSG00000180354,MTURN,7,0.34428835847679634,4.619718634330892,0.5491803278688525,0.6269131303607336,0.24885777891241012,5.288727179901027e-80,1.942554781904827e-74,MK/Plt
ENSG00000122643,NT5C3A,7,0.4405181490851739,8.26299177829718,0.6229508196721312,0.7071475551104107,0.315411988662442,5.99280160176305e-101,2.20116202112917e-95,MK/Plt
ENSG00000127920,GNG11,7,0.7035579654915386,14.572093230445905,0.7404371584699454,0.9501926766417089,0.5668527721905837,3.0061845099628504e-180,1.1041745766938649e-174,MK/Plt
ENSG00000005249,PRKAR2B,7,0.34294883105819485,2.8146120799241956,0.45081967213114754,0.7607228616199958,0.24271138559118277,4.540402783268888e-78,1.6676944826974457e-72,MK/Plt
ENSG00000105971,CAV2,7,0.29199404466421064,2.2722106879921844,0.3333333333333333,0.875982133992632,0.18996108793459276,1.780705551060638e-61,6.540549296101234e-56,MK/Plt
ENSG00000122786,CALD1,7,0.31395369471120493,2.596748045983781,0.3879781420765027,0.8092045934105705,0.24081725805656096,1.7905940976004025e-77,6.576870026427254e-72,MK/Plt
ENSG00000205542,TMSB4X,7,0.3732649478043158,111.37906327608866,0.9426229508196722,0.3959854228880567,0.2223926622689553,1.1197294052773497e-71,4.1127773028777585e-66,MK/Plt
ENSG00000120885,CLU,7,0.48324935585271234,14.514177962984322,0.6366120218579235,0.7590955546870931,0.32531862937295336,4.5559028949363253e-104,1.673387689213007e-98,MK/Plt
ENSG00000154146,NRGN,7,0.6174669623646815,19.668225195305386,0.7076502732240437,0.8725594912180441,0.47374887616889033,7.520910779459644e-151,2.762438050206307e-145,MK/Plt
ENSG00000149564,ESAM,7,0.3664484107347861,2.487817834962812,0.3907103825136612,0.9379029253771449,0.2507960052612346,1.2987912829134643e-80,4.770473370053983e-75,MK/Plt
ENSG00000148484,RSU1,7,0.4546657027433232,5.081562898223562,0.6530054644808743,0.6962663062931226,0.3538749858479054,4.6304721571993294e-113,1.7007770538114708e-107,MK/Plt
ENSG00000148908,RGS10,7,0.40043469117568764,7.536927586314895,0.6557377049180327,0.6106629040429237,0.2511872142281516,9.782608972973176e-81,3.5931620583820206e-75,MK/Plt
ENSG00000010278,CD9,7,0.47380637190450264,9.526726261901313,0.6065573770491803,0.7811402347614773,0.35447631791040307,2.993773494864871e-113,1.0996159984373618e-107,MK/Plt
ENSG00000111644,ACRBP,7,0.4087049127113433,4.3611594253497525,0.4562841530054645,0.8957245392356386,0.29266712586583965,8.657583836494286e-94,3.1799392007281877e-88,MK/Plt
ENSG00000165682,CLEC1B,7,0.4589918709635017,5.681119108226368,0.48360655737704916,0.9491018348736815,0.32793778153692865,6.82159528290778e-105,2.5055787690073104e-99,MK/Plt
ENSG00000127314,RAP1B,7,0.4695369436721666,25.41471388443341,0.8032786885245902,0.5845255829388196,0.30042631444200935,3.1269015050389673e-96,1.1485140497023178e-90,MK/Plt
ENSG00000136156,ITM2B,7,0.2965815030287999,15.072568913407931,0.7568306010928961,0.3918730328828186,0.12417336844694897,8.874901208086467e-41,3.2597600886313674e-35,MK/Plt
ENSG00000166091,CMTM5,7,0.5218329128675014,5.028101662550989,0.5437158469945356,0.9597529955251534,0.38276535015911956,3.665030072459209e-122,1.34616921064434e-116,MK/Plt
ENSG00000072110,ACTN1,7,0.31963899927678874,3.785324727744065,0.5027322404371585,0.6358036616049167,0.22688958213940089,4.310234521044429e-73,1.58315344981414e-67,MK/Plt
ENSG00000185245,GP1BA,7,0.2989085399559709,1.6988470675223777,0.33879781420765026,0.8822623034184303,0.21973185698550665,7.693392344810376e-71,2.825790701641196e-65,MK/Plt
ENSG00000005961,ITGA2B,7,0.3283554256802723,3.140978266284623,0.47540983606557374,0.6906786540171246,0.28007272034766706,7.965103471409736e-90,2.9255904701522676e-84,MK/Plt
ENSG00000108960,MMD,7,0.36612299477095456,5.55796611151054,0.4781420765027322,0.7657200919209679,0.2548131011059544,7.073545775406412e-82,2.5981204368525506e-76,MK/Plt
ENSG00000101608,MYL12A,7,0.41304958635118455,15.426109255717826,0.8524590163934426,0.4845389378350434,0.3197266111346607,2.625656794054284e-102,9.644063661129325e-97,MK/Plt
ENSG00000041353,RAB27B,7,0.3273109700248184,3.45258837792562,0.4344262295081967,0.7534327989250538,0.2137309001651657,5.940101832458775e-69,2.1818053431639405e-63,MK/Plt
ENSG00000101162,TUBB1,7,0.5157926819041139,11.131023281847494,0.5519125683060109,0.9345550573114143,0.3803921698950917,2.05046868697993e-121,7.531391991964152e-116,MK/Plt
ENSG00000104904,OAZ1,7,0.34227950512318406,23.272183929514718,0.8415300546448088,0.40673473660742,0.17783806678671873,1.1584380509698115e-57,4.2549545455926274e-52,MK/Plt
ENSG00000184113,CLDN5,7,0.337635900717379,5.00578091678236,0.3524590163934426,0.957943718314424,0.22695353034702268,4.115136569032391e-73,1.5114937769421662e-67,MK/Plt
ENSG00000100351,GRAP2,7,0.3454404136765445,3.566276941311694,0.4672131147540984,0.7393636924304987,0.2628665568796606,2.068464877396988e-84,7.597492179327911e-79,MK/Plt
ENSG00000100387,RBX1,7,0.2816420490871373,5.739428601490982,0.6338797814207651,0.4443146119219493,0.14744888892617708,4.2045851451740214e-48,1.544348328407563e-42,MK/Plt
ENSG00000156265,MAP3K7CL,7,0.4252480924642589,6.8968371577127705,0.4781420765027322,0.8893760105252501,0.3076859841129088,1.6213351711963786e-98,5.95518029715601e-93,MK/Plt
ENSG00000198763,MT-ND2,7,0.315853920329673,161.43943739144666,0.9863387978142076,0.3202286283674801,0.13426022454096698,5.937415007794152e-44,2.1808184697777997e-38,MK/Plt
ENSG00000074800,ENO1,8,0.2781626850312595,6.197392492329642,0.9685660873779686,0.28719019657634437,0.3574096476642203,0,0,Blast 1
ENSG00000117632,STMN1,8,0.2721612732734334,2.6270593986484023,0.8415149207228415,0.32341823843082107,0.27985816939658725,0,0,Blast 1
ENSG00000198520,ARMH1,8,0.2272806851865407,1.7814792368406198,0.8476078377068476,0.26814368045656,0.25584938079333114,0,0,Blast 1
ENSG00000174059,CD34,8,0.2209002524754135,0.5851217173271376,0.5092432320155093,0.4337814203266346,0.1209708674554162,1.8021977578208986e-161,6.619490386453739e-156,Blast 1
ENSG00000168906,MAT2A,8,0.22738268414138132,0.7446152630682071,0.656996468877657,0.3460942256353642,0.15652657858934368,1.3112993064339553e-208,4.816415465524982e-203,Blast 1
ENSG00000118640,VAMP8,8,0.2964610841245898,3.2882887242573298,0.9551339749359551,0.31038691105556004,0.36593303944698563,0,0,Blast 1
ENSG00000144381,HSPD1,8,0.2877928732371989,2.3464615100025528,0.8627708924738627,0.3335681300188479,0.2695886739787388,0,0,Blast 1
ENSG00000206560,ANKRD28,8,0.2741257740589305,2.96860879314601,0.9428789032749428,0.29073274744699173,0.3704815289623725,0,0,Blast 1
ENSG00000163931,TKT,8,0.22179294759227577,2.153573503752143,0.904936647510905,0.24509223734317054,0.23582909640785193,3.4964073786e-314,1.284233926550922e-308,Blast 1
ENSG00000004468,CD38,8,0.2521498792479304,0.7030505239093219,0.642041127189642,0.3927316624585203,0.18708023845515423,3.277402297654192e-249,1.2037931413306822e-243,Blast 1
ENSG00000163453,IGFBP7,8,0.3146765731277304,1.8663251435126325,0.853977705462854,0.3684833586576788,0.32369578962457424,0,0,Blast 1
ENSG00000145287,PLAC8,8,0.26709665228956664,1.8110031720731405,0.8793187011008793,0.3037540904738749,0.25747800941262955,0,0,Blast 1
ENSG00000184584,TMEM173,8,0.25214929531152047,0.9089981025205045,0.7373814304507373,0.3419523260266939,0.19594175338743383,5.2796116187196065e-261,1.9392066271673302e-255,Blast 1
ENSG00000021355,SERPINB1,8,0.3178949432810088,4.877210952526203,0.9750744305199751,0.3260212075415473,0.4326172883325482,0,0,Blast 1
ENSG00000124766,SOX4,8,0.32203648248214484,3.3490810506201436,0.8984975420618985,0.35841665380978793,0.34726671950294974,0,0,Blast 1
ENSG00000196230,TUBB,8,0.24023189681485377,3.12265479758062,0.8622862286228623,0.2785987863896686,0.21832667909444173,7.906686118682056e-291,2.9041337180780376e-285,Blast 1
ENSG00000204472,AIF1,8,0.22546116150048112,2.7392889413236605,0.9325624870179325,0.24176520569837767,0.3383405814491924,0,0,Blast 1
ENSG00000118513,MYB,8,0.2545834979754933,0.6766752992898981,0.6391331440836391,0.3983262334806684,0.2035979232740775,3.3689958717075123e-271,1.237435552674041e-265,Blast 1
ENSG00000105810,CDK6,8,0.33022266869314926,1.9760248162930962,0.8216437028318216,0.40190494682187194,0.2651273749176567,0,0,Blast 1
ENSG00000002586,CD99,8,0.22986275750289376,4.353344587048568,0.9347088555009347,0.24591909678624402,0.1961428880491529,2.849978011201003e-261,1.0467997734921397e-255,Blast 1
ENSG00000135046,ANXA1,8,0.24295153561674865,6.10984202965278,0.9773592743889774,0.2485795571629853,0.36447728214432557,0,0,Blast 1
ENSG00000136810,TXN,8,0.25305721378671003,2.8347816677703173,0.9383784532299384,0.2696750047016493,0.29112419527326916,0,0,Blast 1
ENSG00000070081,NUCB2,8,0.29118817465298186,3.552602281292482,0.9263310946479263,0.3143456765463052,0.35561578476728223,0,0,Blast 1
ENSG00000121691,CAT,8,0.28756817675132246,3.930771321258647,0.9189226614969189,0.31294056485980637,0.33450660172321617,0,0,Blast 1
ENSG00000084207,GSTP1,8,0.24942577445483058,4.587899973950533,0.9547877864709547,0.2612368716788338,0.3320196347917584,0,0,Blast 1
ENSG00000084234,APLP2,8,0.22634259551191946,2.351200138870818,0.8955203212628955,0.25274981498211324,0.2473008481916982,0,0,Blast 1
ENSG00000107566,ERLIN1,8,0.22301179247132427,0.33137700265805314,0.43287405663643286,0.5151886306243341,0.10400645323159446,5.086856225638877e-139,1.868407378533385e-133,Blast 1
ENSG00000111640,GAPDH,8,0.2449801434677557,19.691540246535123,0.9962611645779963,0.24589952130827686,0.39712711294887715,0,0,Blast 1
ENSG00000008394,MGST1,8,0.345082662610033,3.135543923759284,0.941978813265942,0.366338029847608,0.4398680743577507,0,0,Blast 1
ENSG00000111716,LDHB,8,0.24092679036210501,4.475495078344375,0.9538184587689538,0.2525918723286791,0.28151197801556993,0,0,Blast 1
ENSG00000064115,TM7SF3,8,0.25874831851012564,0.8324459902324125,0.7074707470747075,0.36573712705438877,0.19886628679859195,6.744092913749203e-265,2.4771120713129958e-259,Blast 1
ENSG00000257698,AC084033.3,8,0.22708764187677447,1.7841402905201473,0.8321678321678322,0.27288683015444326,0.24649076602067604,0,0,Blast 1
ENSG00000174099,MSRB3,8,0.29099285363934213,0.725848183053913,0.6905075122896905,0.4214188092964021,0.2195298290898771,1.9658804349958495e-292,7.220698496544105e-287,Blast 1
ENSG00000122025,FLT3,8,0.23620492780741956,0.6783846512465798,0.5354150799695354,0.4411622620357637,0.13657171249917,3.866092345456017e-182,1.4200195845783405e-176,Blast 1
ENSG00000123179,EBPL,8,0.2417769594575152,0.998182157399345,0.7722772277227723,0.3130701654513979,0.20534580997845917,1.5818499944465612e-273,5.810150848102164e-268,Blast 1
ENSG00000102524,TNFSF13B,8,0.27159433245930226,1.0700006995997702,0.7445821505227446,0.3647607349553378,0.2322196805735418,2.30346120045142e-309,8.460636023870068e-304,Blast 1
ENSG00000100823,APEX1,8,0.24273130482687597,1.7263058322481633,0.8709409402478709,0.2787000743790897,0.2252154661048193,5.124101797656617e-300,1.882087714381073e-294,Blast 1
ENSG00000178741,COX5A,8,0.225448282043478,1.814112530036863,0.8822959218998823,0.2555245654519307,0.2341642998772461,5.83950790642e-312,2.1448570935354934e-306,Blast 1
ENSG00000197471,SPN,8,0.25302997974749963,1.2305253546847992,0.7885480855777885,0.3208808497228147,0.21964471728958154,1.3814735158788876e-292,5.074166038558313e-287,Blast 1
ENSG00000103490,PYCARD,8,0.27037391904379,1.5037800820825464,0.8683099079138683,0.3113795162067984,0.2981374584985506,0,0,Blast 1
ENSG00000005381,MPO,8,0.22709972834422862,17.494830795233927,0.5894897182025894,0.38524798878032585,0.1074093396505195,1.603444818499857e-143,5.88946885279816e-138,Blast 1
ENSG00000062716,VMP1,8,0.22278492296386154,1.3338057729938433,0.7675690645987676,0.2902473969300967,0.1897961069512417,7.981172519077841e-253,2.93149264742981e-247,Blast 1
ENSG00000185198,PRSS57,8,0.28836426445338975,4.058820504871043,0.9284082254379284,0.3106007212693197,0.3977188439598522,0,0,Blast 1
ENSG00000172232,AZU1,8,0.2368555904453528,10.687551712271365,0.6500726995776501,0.36435246488467676,0.13246339683903297,1.0770806119092188e-176,3.9561278583486797e-171,Blast 1
ENSG00000179218,CALR,8,0.22269586949735407,4.830763088048838,0.9328394377899328,0.23872904647445148,0.21428718228767824,1.9218760207368377e-285,7.059069842926612e-280,Blast 1
ENSG00000126264,HCST,8,0.2252707026844554,3.6254733285623155,0.9581111957349581,0.23511958078274242,0.2852695732733976,0,0,Blast 1
ENSG00000105472,CLEC11A,8,0.29431387668904324,1.868077915796279,0.8084885411618085,0.36402974402841926,0.26619254005980103,0,0,Blast 1
ENSG00000105383,CD33,8,0.2762705065577116,0.6928076845401994,0.6622585335456622,0.4171641323798253,0.19753535582288365,3.990335251203049e-263,1.465654128102131e-257,Blast 1
ENSG00000125505,MBOAT7,8,0.22084688511039752,0.71368557136832,0.6403101848646403,0.3449060944690172,0.14825304456269064,1.2498014800455757e-197,4.5905333342222e-192,Blast 1
ENSG00000100097,LGALS1,8,0.2862920332732264,8.515482794464655,0.9357474208959358,0.3059501173929122,0.27624151443582856,0,0,Blast 1
ENSG00000135821,GLUL,9,0.46730913165428184,13.055257879334103,0.8035714285714286,0.5815402527253285,0.36823802145600043,2.5926492331425496e-35,9.522826559824915e-30,Blast 2
ENSG00000116741,RGS2,9,0.43704807562566583,7.960635772967495,0.75,0.5827307675008878,0.36390324180432004,6.452796480991419e-35,2.3701186002646292e-29,Blast 2
ENSG00000081237,PTPRC,9,0.2598544119623558,6.174167802226756,0.7678571428571429,0.3384150481370215,0.15466874252192225,9.399318207634124e-16,3.4523789769822213e-10,Blast 2
ENSG00000266094,RASSF5,9,0.2140250676564152,2.5929900176806657,0.4107142857142857,0.5211045125547501,0.12936285554929644,2.0179972006981882e-13,7.412123898136452e-8,Blast 2
ENSG00000203710,CR1,9,0.20281784356536264,1.4387116361873333,0.30357142857142855,0.668105837627077,0.16175846697338167,2.0932696242498743e-16,7.688600262566031e-11,Blast 2
ENSG00000168264,IRF2BP2,9,0.3740133607398942,10.209425298506792,0.875,0.4274438408455934,0.32255480026202155,3.8752480775086027e-31,1.4233824941169872e-25,Blast 2
ENSG00000075426,FOSL2,9,0.36673996167349393,6.853122316750403,0.7142857142857143,0.5134359463428915,0.29030916044227645,3.441979977622153e-28,1.2642426877605943e-22,Blast 2
ENSG00000059728,MXD1,9,0.3008238438664311,3.570151625858877,0.5535714285714286,0.5434237179522625,0.22971595961117913,1.2123356205815796e-22,4.4529208577523477e-17,Blast 2
ENSG00000115602,IL1RL1,9,0.22566265361859933,1.1644967625237226,0.26785714285714285,0.8424739068427709,0.19698776964626583,1.2149925477715658e-19,4.4626797778904386e-14,Blast 2
ENSG00000121966,CXCR4,9,0.3696980223598642,13.833063379339267,0.9285714285714286,0.39813633177216146,0.3315606338341669,5.822654121907148e-32,2.1386666816306174e-26,Blast 2
ENSG00000081320,STK17B,9,0.24274916024309298,4.277181294494818,0.625,0.38839865638894877,0.13183889971801965,1.1925504119614678e-13,4.380249588638591e-8,Blast 2
ENSG00000134107,BHLHE40,9,0.20969757487057694,2.4737234778750983,0.4642857142857143,0.451656315105858,0.12035920995587542,1.3684680538363015e-12,5.026396846421273e-7,Blast 2
ENSG00000163751,CPA3,9,0.25259342889620956,1.8687057917409364,0.375,0.6735824770565588,0.20100832747195652,5.195998034798331e-20,1.9084952741794618e-14,Blast 2
ENSG00000124882,EREG,9,0.20880219573642136,3.6383773280975418,0.35714285714285715,0.5846461480619798,0.1447872825429577,7.636621438307076e-15,2.8049386909116277e-9,Blast 2
ENSG00000158985,CDC42SE2,9,0.26588761839186803,4.561566292049568,0.6428571428571429,0.4136029619429058,0.1643986730330342,1.1967862386873548e-16,4.395807822561041e-11,Blast 2
ENSG00000161011,SQSTM1,9,0.2048075975056755,3.95090165604268,0.6428571428571429,0.31858959611993964,0.11981580028588057,1.5361778249696855e-12,5.642396512891905e-7,Blast 2
ENSG00000075624,ACTB,9,0.22655754367159955,27.41751012346058,0.9464285714285714,0.23938155557753915,0.11055427477751034,1.1035268552320486e-11,4.053265174535867e-6,Blast 2
ENSG00000233429,HOTAIRM1,9,0.2801551507998524,4.677837864755253,0.5,0.5603103015997049,0.21244255656433234,4.64436841336512e-21,1.705881162597422e-15,Blast 2
ENSG00000106004,HOXA5,9,0.5531249818496617,9.602162454016781,0.7321428571428571,0.755487780087343,0.48309777441229096,8.440279740925819e-46,3.100123189121794e-40,Blast 2
ENSG00000234545,FAM133B,9,0.19892816505538258,4.463034364908187,0.625,0.3182850640886121,0.09041948321099795,8.120503829663119e-10,2.982669177139093e-4,Blast 2
ENSG00000105835,NAMPT,9,0.3792758848011291,9.64307287328029,0.7857142857142857,0.48271476247416434,0.2913337467780568,2.7739065556495863e-28,1.0188586517966487e-22,Blast 2
ENSG00000185291,IL3RA,9,0.45381817241894334,4.8657107757598155,0.6071428571428571,0.7474652251606126,0.3791787489642325,2.5962163997412362e-36,9.535928798413558e-31,Blast 2
ENSG00000130066,SAT1,9,0.2728625866668464,19.352933800560198,0.875,0.3118429561906816,0.16239310752948422,1.8300179044447462e-16,6.721674063204597e-11,Blast 2
ENSG00000164754,RAD21,9,0.21124906116027997,3.89032792733555,0.5178571428571429,0.4079292215508854,0.10017437783356058,1.0096582724141175e-10,3.7084849311597775e-5,Blast 2
ENSG00000106829,TLE4,9,0.26707512761584207,4.303325972880229,0.625,0.42732020418534733,0.17096302927483598,2.982169520812341e-17,1.0953538471638937e-11,Blast 2
ENSG00000134827,TCN1,9,0.48450131424533194,6.090040962411174,0.5,0.9690026284906639,0.41002736849855703,3.953820387661036e-39,1.4522421822082862e-33,Blast 2
ENSG00000167996,FTH1,9,0.4238743679492297,211.81517416901008,1,0.4238743679492297,0.4169923672856293,9.14177882617024e-40,3.3577845046311552e-34,Blast 2
ENSG00000251562,MALAT1,9,0.24623023352639772,705.8730088226692,1,0.24623023352639772,0.2649877652473605,7.1386558316836e-26,2.622035425633218e-20,Blast 2
ENSG00000172932,ANKRD13D,9,0.4482724245832155,8.379042279027718,0.7321428571428571,0.6122745311380504,0.34368233101456785,4.5427533420160546e-33,1.668557845275839e-27,Blast 2
ENSG00000023445,BIRC3,9,0.21801652621208947,3.976095079047265,0.4642857142857143,0.46957405645680805,0.12551029095691738,4.576224773660354e-13,1.6808519355902216e-7,Blast 2
ENSG00000122862,SRGN,9,0.2732035315252416,27.900605589204957,0.9464285714285714,0.28866788236629304,0.2155202149408489,2.425158402361122e-21,8.907631063456426e-16,Blast 2
ENSG00000132334,PTPRE,9,0.2629365626777948,3.8528527832409005,0.5357142857142857,0.4908149169985503,0.1700208840198412,3.640232329197915e-17,1.3370609747467232e-11,Blast 2
ENSG00000151651,ADAM8,9,0.2902905171438198,2.541000006957362,0.4642857142857143,0.6252411138482272,0.21502467637390968,2.6926060553305475e-21,9.889968967289654e-16,Blast 2
ENSG00000057704,TMCC3,9,0.3235642393956227,2.2443795272482148,0.42857142857142855,0.754983225256453,0.2630030814214303,1.0846025546224425e-25,3.9837560291537774e-20,Blast 2
ENSG00000132965,ALOX5AP,9,0.22094961987671113,2.758369760242902,0.42857142857142855,0.5155491130456593,0.12415847649482367,6.09987668003488e-13,2.2404908044534914e-7,Blast 2
ENSG00000186469,GNG2,9,0.20423381404379223,2.4740063956991816,0.4107142857142857,0.4972649385414072,0.12081755744421095,1.24133788795351e-12,4.559446475832122e-7,Blast 2
ENSG00000140287,HDC,9,0.5866312996015859,6.602020577055297,0.6071428571428571,0.966216258167318,0.5116144147142956,2.1074517670606106e-48,7.740691414931293e-43,Blast 2
ENSG00000172236,TPSAB1,9,0.22304953048194712,2.115686898927458,0.35714285714285715,0.6245386853494519,0.16476943238361505,1.1064287013426319e-16,4.0639236843185e-11,Blast 2
ENSG00000103257,SLC7A5,9,0.23544976069809645,3.1173945735767883,0.5178571428571429,0.45466160686528967,0.14661055132384807,5.187581824695816e-15,1.905403991792598e-9,Blast 2
ENSG00000183688,RFLNB,9,0.4951665114107248,11.70839010645001,0.8214285714285714,0.602811405195665,0.4417037896541095,5.0682973000152006e-42,1.8615906665928832e-36,Blast 2
ENSG00000184922,FMNL1,9,0.27319362444941203,4.883931378349787,0.6785714285714286,0.40260113076755455,0.18839173091097325,7.474252477153515e-19,2.745300409110963e-13,Blast 2
ENSG00000132475,H3F3B,9,0.2975936859249426,36.97804005475633,1,0.2975936859249426,0.35850586917983707,2.008420935021856e-34,7.376950178544628e-29,Blast 2
ENSG00000168461,RAB31,9,0.19909445542983692,2.316897507229076,0.32142857142857145,0.6194049724483814,0.1435489470979595,9.9306679695544e-15,3.647544275885301e-9,Blast 2
ENSG00000101109,STK4,9,0.2340200232970532,5.278137183435531,0.6428571428571429,0.36403114735097164,0.1360086680889035,4.919502396637168e-14,1.8069381497872285e-8,Blast 2
ENSG00000172216,CEBPB,9,0.2033010094607654,4.437484803937072,0.5714285714285714,0.3557767665563395,0.12769093930485742,2.8788195552717157e-13,1.0573933014708564e-7,Blast 2
ENSG00000197766,CFD,9,0.2527670669244808,8.174237716283107,0.6964285714285714,0.3629475832761776,0.18617660277527437,1.1938439969548802e-18,4.3850009392552446e-13,Blast 2
ENSG00000105205,CLC,9,0.5125338983189387,6.598525988161915,0.5357142857142857,0.9567299435286857,0.4390637544826188,8.828360600897032e-42,3.2426656770700805e-36,Blast 2
ENSG00000142227,EMP3,9,0.23055735431350086,7.726531816666992,0.7321428571428571,0.31490760589161093,0.10848102247481606,1.7165650539563106e-11,6.3049606088320684e-6,Blast 2
ENSG00000100368,CSF2RB,9,0.3538539735057647,2.9848385634026577,0.42857142857142855,0.825659271513451,0.2985591641516344,6.057008721020772e-29,2.2247453602396506e-23,Blast 2
ENSG00000155307,SAMSN1,9,0.4332753148439227,6.409462910527444,0.75,0.5777004197918969,0.3726273275205134,1.0298616194662508e-35,3.782692026915734e-30,Blast 2
ENSG00000028137,TNFRSF1B,10,0.3391319618095629,1.6277943654765503,0.616779089376054,0.5498434814848142,0.2379194305811914,2.630813662765887e-184,9.66300489147573e-179,Mono/Mac
ENSG00000000938,FGR,10,0.2963606850486201,0.9570943762915862,0.5168634064080945,0.5733829893436597,0.2208802765450915,3.445861269210588e-171,1.2656682900423183e-165,Mono/Mac
ENSG00000143384,MCL1,10,0.28366027855331827,4.215932686254467,0.8393760539629005,0.33794182859290356,0.25813777318144976,6.977829715105495e-200,2.5629638321879634e-194,Mono/Mac
ENSG00000163131,CTSS,10,0.41738579867745557,5.341115432543078,0.7854131534569984,0.5314219616011404,0.3159789827009095,1.6217988223548798e-244,5.956883292497697e-239,Mono/Mac
ENSG00000163220,S100A9,10,0.48789635921142144,23.871322935423294,0.6817032040472175,0.7157020185834828,0.3612167620547056,1.6790180357593332e-279,6.167050035524388e-274,Mono/Mac
ENSG00000163221,S100A12,10,0.30632382738238667,1.3457938075808764,0.4123102866779089,0.7429449064938867,0.20021875582076018,2.6993721845392553e-155,9.914821027534531e-150,Mono/Mac
ENSG00000143546,S100A8,10,0.3796244716954789,13.319036861655512,0.5526981450252951,0.6868567863170678,0.26337675219249423,6.389416601879774e-204,2.346839107287043e-198,Mono/Mac
ENSG00000169554,ZEB2,10,0.39869921081761195,7.372809111591079,0.8954468802698144,0.44525166104490377,0.3865137466618209,4.2804658343436206e-299,1.5722193814202462e-293,Mono/Mac
ENSG00000018280,SLC11A1,10,0.4581089218508829,1.3968090918470035,0.5484822934232715,0.8352301019448842,0.2728954171966579,2.925039250062148e-211,1.074369841587077e-205,Mono/Mac
ENSG00000168036,CTNNB1,10,0.31586241101432344,4.730347947473227,0.8136593591905565,0.38819981291501304,0.2641233901103358,1.6977500786172275e-204,6.235853016261863e-199,Mono/Mac
ENSG00000039319,ZFYVE16,10,0.28251628088739333,1.5003092437889218,0.5143338954468802,0.5492857526761451,0.19433904929195642,8.952306960333042e-151,3.2881912988372864e-145,Mono/Mac
ENSG00000038427,VCAN,10,0.5434847189412751,4.3826519708260765,0.6509274873524452,0.8349389594097828,0.3605638555944625,5.3761614690762076e-279,1.9746694837531603e-273,Mono/Mac
ENSG00000204482,LST1,10,0.28795787967629455,3.2357082602605063,0.7318718381112985,0.3934539692351213,0.22264400855640498,1.5133606989496633e-172,5.558588980849103e-167,Mono/Mac
ENSG00000277443,MARCKS,10,0.3021654145628929,3.0675856336617504,0.5767284991568297,0.5239300901631447,0.18581047453042512,3.2168615059287127e-144,1.181556447989122e-138,Mono/Mac
ENSG00000118515,SGK1,10,0.3130083554195614,1.3143511658604088,0.49072512647554806,0.6378486417999997,0.19802355653876455,1.3157776962957399e-153,4.8328646362712156e-148,Mono/Mac
ENSG00000165168,CYBB,10,0.3406645553809562,1.1534746647740628,0.5021079258010118,0.6784687870391504,0.22456742546065597,5.007102322034729e-174,1.839113689985678e-168,Mono/Mac
ENSG00000102265,TIMP1,10,0.28487684931912316,5.9328336755532325,0.7677065767284992,0.371075171106513,0.21793977184698957,6.310709944314895e-169,2.3179300732568054e-163,Mono/Mac
ENSG00000164733,CTSB,10,0.2946666283426695,1.794921719240019,0.6555649241146712,0.4494850433625801,0.2209078194258539,3.2817214596078344e-171,1.2053795738354172e-165,Mono/Mac
ENSG00000221869,CEBPD,10,0.30653698081266406,2.3951532586052995,0.6909780775716695,0.44362765008397753,0.27563681642508564,2.248262708678246e-213,8.257891411602284e-208,Mono/Mac
ENSG00000135047,CTSL,10,0.32681026431157967,2.0714017452092843,0.4279089376053963,0.7637378787655833,0.18555908023383746,5.0192073759293133e-144,1.8435598883862127e-138,Mono/Mac
ENSG00000136826,KLF4,10,0.37940578525121194,1.3588775330887055,0.515177065767285,0.7364570561504704,0.2407899199659865,1.619660832164402e-186,5.94903043314817e-181,Mono/Mac
ENSG00000085265,FCN1,10,0.424164127146217,2.774809980274273,0.595699831365936,0.7120433896608822,0.3157560347294136,2.4112748260956505e-244,8.856636548997585e-239,Mono/Mac
ENSG00000117984,CTSD,10,0.31176210707044105,6.018795597913154,0.8655143338954469,0.360204441291323,0.28574900188258434,3.5546600530629156e-221,1.305630192150062e-215,Mono/Mac
ENSG00000197629,MPEG1,10,0.3102770334581954,0.7473992412007445,0.3865935919055649,0.8025922828384291,0.1718504215328322,1.7115277103165491e-133,6.286458395269788e-128,Mono/Mac
ENSG00000245532,NEAT1,10,0.46390864524590103,113.90435799968024,0.9844013490725126,0.4712596601812751,0.4756735338075331,0,0,Mono/Mac
ENSG00000197746,PSAP,10,0.40869863511590315,6.3055056637819815,0.8376897133220911,0.4878878522873288,0.33985191593857766,5.7044980789257756e-263,2.095267848887516e-257,Mono/Mac
ENSG00000172243,CLEC7A,10,0.5057654304730417,2.428889871085775,0.6340640809443507,0.7976566496556217,0.3409609927186377,7.9147973889536315e-264,2.907112995760058e-258,Mono/Mac
ENSG00000090382,LYZ,10,0.4018153383649643,53.242449229214756,0.8419055649241147,0.47726889464281186,0.36336827286998585,3.626289158222064e-281,1.3319396341041223e-275,Mono/Mac
ENSG00000139289,PHLDA1,10,0.37313954970729313,2.3120220309640658,0.56070826306914,0.6654789563200746,0.2503033391798294,7.60251627812524e-194,2.7924118314716785e-188,Mono/Mac
ENSG00000070961,ATP2B1,10,0.2918538405634372,5.696233515196696,0.7820404721753794,0.3731953152649451,0.25174863907509143,5.8526320930963954e-195,2.1496776204263992e-189,Mono/Mac
ENSG00000271614,ATP2B1-AS1,10,0.29984899754321237,3.4285904047520197,0.6901349072512648,0.4344788162324372,0.25539323557252613,9.096828419348094e-198,3.3412741752549745e-192,Mono/Mac
ENSG00000178695,KCTD12,10,0.3272373811712476,0.7748755103328765,0.38069139966273186,0.8595870079049828,0.17246398811731925,5.78196231141145e-134,2.123720538943737e-128,Mono/Mac
ENSG00000155465,SLC7A7,10,0.2999977679317709,0.6282699208897455,0.3785834738617201,0.7924217210848113,0.16333286378587186,5.9573578034315705e-127,2.1881434785582194e-121,Mono/Mac
ENSG00000131981,LGALS3,10,0.29307334871375584,2.183561791911041,0.627318718381113,0.46718412846036883,0.23670457603810122,2.267856090301178e-183,8.32985809823713e-178,Mono/Mac
ENSG00000100644,HIF1A,10,0.3127070957153756,6.19835170966548,0.7655986509274874,0.40844781444761613,0.2791093565996244,4.713325511972489e-216,1.7312091738730072e-210,Mono/Mac
ENSG00000197249,SERPINA1,10,0.42291404321578296,1.6444821344790974,0.5451096121416527,0.7758330321019622,0.27491324135555895,8.126858219670177e-213,2.9850031509430756e-207,Mono/Mac
ENSG00000140678,ITGAX,10,0.352357511100871,3.5858642026759058,0.6956155143338955,0.506540615958343,0.314938473182517,1.032478906172495e-243,3.792305347160636e-238,Mono/Mac
ENSG00000103187,COTL1,10,0.3206869421295721,7.396855045692296,0.852866779089376,0.37601059156270145,0.29425749903037374,9.645952188740708e-228,3.542967884876651e-222,Mono/Mac
ENSG00000161921,CXCL16,10,0.30823205940835807,1.309359168068031,0.4772344013490725,0.6458714177708704,0.2168204269567245,4.585310408687368e-168,1.684189098421279e-162,Mono/Mac
ENSG00000129226,CD68,10,0.2920808082567662,2.0414154696981064,0.6606239460370995,0.44212870273455607,0.2648500116389454,4.674121192762622e-205,1.7168093882229038e-199,Mono/Mac
ENSG00000186407,CD300E,10,0.3959584743799169,1.4353870367415762,0.4709106239460371,0.8408357217808082,0.22956972454967614,7.063835047510671e-178,2.594553676785717e-172,Mono/Mac
ENSG00000125772,GPCPD1,10,0.2933822040504333,2.296493244161053,0.6876053962900506,0.4266723408998331,0.2261273021523543,3.154609995722575e-175,1.1586914060388975e-169,Mono/Mac
ENSG00000125810,CD93,10,0.31732358282570877,1.2339320727785412,0.4675379426644182,0.6787119372971877,0.18676699523932236,5.91978441934738e-145,2.174342737010712e-139,Mono/Mac
ENSG00000101439,CST3,10,0.3548616775256145,6.392801688039843,0.8166104553119731,0.4345544135729259,0.33522209632416505,2.1704515375833793e-259,7.972090202059128e-254,Mono/Mac
ENSG00000204103,MAFB,10,0.575438212485673,3.2921686643750907,0.6340640809443507,0.9075395212872449,0.3522974484723282,1.343642241283279e-272,4.935211388655897e-267,Mono/Mac
ENSG00000172216,CEBPB,10,0.29468502681871944,4.730382358651331,0.7883642495784149,0.3737929858898409,0.2977301022323349,2.0122279755894398e-230,7.390933476619769e-225,Mono/Mac
ENSG00000175489,LRRC25,10,0.28558563658238456,0.7304054178127314,0.3857504215851602,0.7403378469654822,0.17012652052285718,3.610241684869112e-132,1.3260453810941097e-126,Mono/Mac
ENSG00000011600,TYROBP,10,0.3518325527091914,3.9014757729074434,0.7862563237774031,0.4474781850006445,0.3288826329504488,1.7291229912268524e-254,6.351086038006141e-249,Mono/Mac
ENSG00000100292,HMOX1,10,0.38648689030564976,3.407354209373948,0.5695615514333895,0.6785691367912667,0.28521277078010804,9.216305588896921e-221,3.385158259107428e-215,Mono/Mac
ENSG00000025708,TYMP,10,0.2977712382187952,2.059854160101296,0.654300168634064,0.4550988254220246,0.2656433207193181,1.143129754374895e-205,4.198727019116533e-200,Mono/Mac
ENSG00000074800,ENO1,11,0.19542444391617617,6.033313078002156,0.6944444444444444,0.2814111992392937,0.09226826893569066,6.963093971412565e-27,2.5575513787938064e-21,Blast 3
ENSG00000117632,STMN1,11,0.20883605093638574,3.8205684560763475,0.4826388888888889,0.43269627819913015,0.1240889528690596,1.3818805344822565e-35,5.075661021958673e-30,Blast 3
ENSG00000198830,HMGN2,11,0.15655215489147317,4.678521738270728,0.5868055555555556,0.26678710419375307,0.03546881632811654,2.845703964629204e-11,1.0452299119122713e-5,Blast 3
ENSG00000065978,YBX1,11,0.15950999785079895,6.9443734980232374,0.7743055555555556,0.20600394341269102,0.033963831452627616,7.435619183035424e-11,2.731110361548094e-5,Blast 3
ENSG00000034510,TMSB10,11,0.15863144585967484,16.283910734198983,0.8680555555555556,0.1827434256303454,0.044812460572744746,7.43633969681028e-14,2.7313750069781127e-8,Blast 3
ENSG00000114942,EEF1B2,11,0.23206684703203365,16.55527483533222,0.9131944444444444,0.2541264332518087,0.16132770636108454,9.303519629817054e-46,3.417192063551434e-40,Blast 3
ENSG00000187514,PTMA,11,0.19844681817800877,26.16071427291082,0.9756944444444444,0.20339033322158906,0.13953209452469753,8.338519849742084e-40,3.062746679330117e-34,Blast 3
ENSG00000178035,IMPDH2,11,0.15744781647487605,1.789346429978733,0.4166666666666667,0.3778747595397025,0.07636085200355087,1.5854702170575604e-22,5.82344796195459e-17,Blast 3
ENSG00000164032,H2AFZ,11,0.21059109764822648,6.3905712807053145,0.6145833333333334,0.3426567012581312,0.09740658229940037,2.7323413678452086e-28,1.003591716750913e-22,Blast 3
ENSG00000145741,BTF3,11,0.18552118906209153,8.73569745341801,0.8333333333333334,0.2226254268745098,0.07400122405445474,7.032455238619901e-22,2.5830278416003286e-16,Blast 3
ENSG00000127184,COX7C,11,0.15026272894868548,4.603448078643839,0.6458333333333334,0.23266487063022268,0.02678726114711115,7.351014770147442e-9,0.0027000350760899255,Blast 3
ENSG00000169567,HINT1,11,0.19060734835462073,7.392690064554213,0.7881944444444444,0.2418278252252457,0.07704183715236575,1.0315319602863866e-22,3.7888272054515007e-17,Blast 3
ENSG00000181163,NPM1,11,0.2704555217583305,11.344542576763159,0.875,0.30909202486666343,0.20073327489650503,1.6254191251895509e-56,5.970180701012473e-51,Blast 3
ENSG00000204628,RACK1,11,0.2131996689842221,16.634172401781612,0.9340277777777778,0.22825838166340506,0.14199950770417852,1.766453451181296e-40,6.488201190723412e-35,Blast 3
ENSG00000196230,TUBB,11,0.16331920051245888,3.99433683851771,0.4861111111111111,0.33597092676848683,0.06406847792220599,3.7380127511201373e-19,1.3729758214991775e-13,Blast 3
ENSG00000204472,AIF1,11,0.13962818492663773,3.0861870192263634,0.5277777777777778,0.26455866617678725,0.072088872823438,2.352671691236927e-21,8.641386648630145e-16,Blast 3
ENSG00000096384,HSP90AB1,11,0.16550655258481586,6.289191726331383,0.7222222222222222,0.2291629189635912,0.0469103169515575,1.962326293605653e-14,7.207644099676499e-9,Blast 3
ENSG00000156508,EEF1A1,11,0.18975133469505479,62.94619582080557,1,0.18975133469505479,0.16830393198497018,1.1584057293059152e-47,4.2548358277979194e-42,Blast 3
ENSG00000196262,PPIA,11,0.17897646499349748,5.663766426467725,0.6909722222222222,0.2590212156689813,0.0479447850000279,1.017678852366091e-14,3.737944601529176e-9,Blast 3
ENSG00000106153,CHCHD2,11,0.15146978295893396,4.687771551748966,0.6909722222222222,0.21921255021192454,0.03768721998943104,6.917677398040526e-12,2.5408698259776833e-6,Blast 3
ENSG00000005022,SLC25A5,11,0.1508004270923546,3.091869720739202,0.5416666666666666,0.27840078847819316,0.045672422113849746,4.3065824922038367e-14,1.5818120559689615e-8,Blast 3
ENSG00000070081,NUCB2,11,0.19148431882475478,4.1074855390993354,0.5451388888888888,0.3512578587358559,0.10839535420960077,2.6953108791602366e-31,9.899903812264341e-26,Blast 3
ENSG00000121691,CAT,11,0.21607873254457122,4.897282613159843,0.5833333333333334,0.37042068436212205,0.1377981207740689,2.4817421469869574e-39,9.115463723304565e-34,Blast 3
ENSG00000149806,FAU,11,0.14692049512342442,13.523810880766737,0.90625,0.1621191670327442,0.04200810508266006,4.420525605601747e-13,1.6236634754631272e-7,Blast 3
ENSG00000084207,GSTP1,11,0.1515760619693112,4.315995878129237,0.6076388888888888,0.2494508905552093,0.060109846706336546,4.571717513359021e-18,1.679196414374282e-12,Blast 3
ENSG00000111640,GAPDH,11,0.2479082743357625,21.364843248297223,0.9479166666666666,0.26152960809047476,0.21971669984826395,1.0697343361187671e-61,3.929144913907593e-56,Blast 3
ENSG00000111669,TPI1,11,0.14302613467620146,3.34550472481814,0.5381944444444444,0.26575178572094205,0.04137350546629782,6.618589321309573e-13,2.4310144763063277e-7,Blast 3
ENSG00000008394,MGST1,11,0.19691745410280148,3.130533663296072,0.5381944444444444,0.3658853340748828,0.12436318709655311,1.1628581754232929e-35,4.271189706911509e-30,Blast 3
ENSG00000111716,LDHB,11,0.19494234467168553,5.2147375574856705,0.6875,0.2835525013406335,0.08943784585551424,4.1463399360364107e-26,1.5229548048461096e-20,Blast 3
ENSG00000123416,TUBA1B,11,0.2115844507079661,7.655836110322578,0.6770833333333334,0.3124939579686884,0.10598739010340737,1.227832107041251e-30,4.509839607483586e-25,Blast 3
ENSG00000135390,ATP5MC2,11,0.17742654293845875,5.07901956566109,0.6909722222222222,0.25677811239334736,0.062416071485840975,1.0628310597983775e-18,3.9037891109500387e-13,Blast 3
ENSG00000135486,HNRNPA1,11,0.1925061775518398,8.995560544656831,0.8333333333333334,0.23100741306220773,0.0763850026554624,1.561483972499451e-22,5.735346245830208e-17,Blast 3
ENSG00000196531,NACA,11,0.18604232097434067,14.822008024384871,0.9131944444444444,0.20372695224566584,0.08662085384974856,2.4492029435796164e-25,8.995946903797366e-20,Blast 3
ENSG00000133112,TPT1,11,0.18278121722194984,45.70462318921105,0.9965277777777778,0.18341808557463957,0.13635148752882756,6.1652049759706e-39,2.2644859528789775e-33,Blast 3
ENSG00000100823,APEX1,11,0.13557379060349148,2.071195072144117,0.4236111111111111,0.3200430466705373,0.04103512325204955,8.208301848793305e-13,3.01491747736363e-7,Blast 3
ENSG00000100448,CTSG,11,0.29810694719447633,9.281457133244958,0.4270833333333333,0.6980065105041398,0.19835701811056455,7.2377245537683765e-56,2.6584234663236786e-50,Blast 3
ENSG00000128951,DUT,11,0.14293378792285058,2.4114334642365836,0.4236111111111111,0.33741746657197513,0.0633645209601634,5.833947266590519e-19,2.1428146649659642e-13,Blast 3
ENSG00000166803,PCLAF,11,0.1712988027455358,2.1326619764841563,0.3854166666666667,0.4444509476640929,0.113093489142571,1.3995419985611382e-32,5.140531756135046e-27,Blast 3
ENSG00000005381,MPO,11,0.29966336562766677,20.077511073669754,0.6979166666666666,0.429368404481433,0.29534022888540074,2.4282397713688242e-82,8.918948962635404e-77,Blast 3
ENSG00000184009,ACTG1,11,0.21534165763682211,14.831775817684154,0.9270833333333334,0.2322786419453362,0.14987115657282185,1.2507236332762472e-42,4.593920412259989e-37,Blast 3
ENSG00000077984,CST7,11,0.14752659133172621,4.4666985782442,0.3819444444444444,0.38625143912306503,0.06213948605830597,1.2660170906531065e-18,4.650093434139766e-13,Blast 3
ENSG00000177410,ZFAS1,11,0.1370967150428029,4.790590786353969,0.6006944444444444,0.2282303695510245,0.021950480506554484,1.6537735621943961e-7,0.06074326831675639,Blast 3
ENSG00000185198,PRSS57,11,0.29718224447098784,6.177622657118792,0.6909722222222222,0.4300928965208266,0.2318279625300869,5.289740792701344e-65,1.9429270828999963e-59,Blast 3
ENSG00000172232,AZU1,11,0.2697584288110742,13.74062908591356,0.6076388888888888,0.443945299986225,0.24155918193385925,1.1673532516922766e-67,4.287700166998249e-62,Blast 3
ENSG00000196415,PRTN3,11,0.23772458302682892,8.708730518932299,0.4201388888888889,0.5658238009233614,0.18022694738282125,6.43791792459726e-51,2.3646536916224984e-45,Blast 3
ENSG00000197561,ELANE,11,0.32427366287846865,12.286317307737278,0.5555555555555556,0.5836925931812436,0.2683113281173574,5.814642418563242e-75,2.1357239749806976e-69,Blast 3
ENSG00000167658,EEF2,11,0.14696367430265744,6.007727180791034,0.7118055555555556,0.2064660399959285,0.0262650763246444,1.0279627089386712e-8,0.0037757173095588287,Blast 3
ENSG00000179218,CALR,11,0.21751320890835016,7.295083477362504,0.6666666666666666,0.32626981336252525,0.09043335275006358,2.213673099621545e-26,8.13084343164093e-21,Blast 3
ENSG00000221983,UBA52,11,0.1610654887428829,12.437739377996458,0.9236111111111112,0.17438669457876044,0.050077895301265565,2.629546066309884e-15,9.658348997016867e-10,Blast 3
ENSG00000105472,CLEC11A,11,0.1406728010094588,2.013598063484495,0.3645833333333333,0.3858453970545156,0.07884652353849349,3.3024823720939955e-23,1.2130050777524966e-17,Blast 3
